OrderID,CustomerID,OrderDate,TotalAmount,OrderStatus
1,458,2024-01-03,3759.8,Shipped
2,399,2024-07-03,2137.23,Shipped
3,412,2023-04-20,4790.67,Cancelled
4,238,2023-06-16,270.09,Shipped
5,470,2024-11-05,4244.72,Pending
6,69,2023-10-29,4011.05,Cancelled
7,272,2023-11-17,4939.7,Cancelled
8,163,2023-12-22,4751.2,Pending
9,314,2023-07-12,4078.73,Cancelled
10,219,2024-03-01,4156.23,Cancelled
11,229,2023-07-22,4488.1,Cancelled
12,442,2023-12-09,2383.88,Pending
13,385,2023-04-24,1251.25,Cancelled
14,142,2024-09-09,3833.75,Cancelled
15,249,2023-09-28,3141.21,Pending
16,226,2023-05-03,405.87,Pending
17,121,2024-01-23,1373.14,Pending
18,458,2023-04-22,2709.96,Shipped
19,78,2024-03-05,1171.68,Cancelled
20,79,2023-05-12,3537.97,Shipped
21,213,2024-02-16,2049.84,Cancelled
22,239,2024-09-10,2090.56,Shipped
23,427,2023-11-03,2112.31,Cancelled
24,485,2024-07-27,3483.7,Cancelled
25,195,2023-09-07,2395.36,Pending
26,153,2024-04-03,3772.31,Pending
27,276,2024-08-09,3742.63,Cancelled
28,410,2023-02-27,3024.2,Shipped
29,250,2023-03-31,1112.72,Pending
30,249,2023-10-08,164.54,Pending
31,343,2024-02-14,3402.13,Pending
32,371,2023-04-26,841.92,Pending
33,471,2023-11-21,655.59,Cancelled
34,274,2023-09-04,154.29,Pending
35,304,2024-01-16,2830.67,Shipped
36,43,2024-05-07,3220.89,Shipped
37,444,2024-08-20,2319.26,Shipped
38,134,2023-09-26,1907.94,Shipped
39,233,2024-07-13,1647.69,Pending
40,143,2024-11-10,3765.01,Pending
41,130,2024-01-06,4177.86,Pending
42,10,2023-07-21,3750.14,Shipped
43,488,2024-04-01,1762.8,Cancelled
44,36,2023-12-09,3910.54,Cancelled
45,21,2023-09-09,3776.08,Shipped
46,103,2024-11-21,4199.36,Cancelled
47,79,2023-12-25,1207.95,Pending
48,343,2023-06-22,589.66,Shipped
49,239,2024-11-22,3503.34,Pending
50,86,2023-03-22,3037.35,Cancelled
51,368,2024-12-21,590.37,Shipped
52,494,2024-11-10,1568.97,Cancelled
53,14,2024-10-11,4645.86,Cancelled
54,347,2024-01-31,4541.97,Pending
55,204,2025-01-25,4708.52,Shipped
56,39,2024-07-07,2968.65,Cancelled
57,125,2023-11-08,527.47,Pending
58,436,2023-06-15,3427.61,Shipped
59,408,2023-02-05,4919.54,Shipped
60,178,2024-07-03,2673.07,Cancelled
61,190,2024-02-12,363.4,Cancelled
62,175,2024-07-02,83.01,Pending
63,422,2023-04-18,2461.2,Pending
64,492,2023-11-30,1823.7,Pending
65,363,2024-01-02,781.9,Shipped
66,376,2024-03-07,2618.3,Cancelled
67,139,2024-06-21,3087.24,Cancelled
68,397,2024-07-05,2427.82,Pending
69,423,2023-04-03,3660.51,Pending
70,166,2023-04-29,4261.53,Shipped
71,143,2023-05-18,4410.52,Shipped
72,385,2023-11-29,2334.25,Cancelled
73,343,2023-12-04,1907.37,Shipped
74,254,2024-07-19,4257.75,Shipped
75,250,2024-04-29,1076.36,Pending
76,175,2023-04-16,1412.7,Cancelled
77,360,2024-08-24,4402.93,Cancelled
78,6,2025-01-14,2592.8,Shipped
79,44,2024-12-20,1221.95,Pending
80,251,2023-06-07,2784.78,Shipped
81,354,2023-03-18,2390.94,Cancelled
82,252,2023-11-05,2251.91,Shipped
83,48,2023-06-30,1485.29,Pending
84,355,2023-10-17,1231.66,Cancelled
85,298,2023-07-01,1857.72,Cancelled
86,272,2024-05-03,1731.91,Cancelled
87,282,2024-11-12,1667.34,Cancelled
88,233,2023-12-07,1369.16,Pending
89,119,2023-05-02,620.87,Shipped
90,162,2023-07-26,615.38,Cancelled
91,487,2024-11-07,3815.7,Shipped
92,99,2023-12-22,1097.6,Pending
93,142,2024-08-12,3628.43,Cancelled
94,306,2024-02-18,1429.33,Shipped
95,427,2023-08-31,986.71,Shipped
96,185,2024-09-12,913.62,Shipped
97,363,2024-08-03,2679.99,Pending
98,24,2024-09-12,4871.99,Cancelled
99,150,2024-04-22,3493.14,Shipped
100,327,2024-05-02,4344.94,Pending
101,53,2023-08-27,4366.14,Cancelled
102,146,2024-09-05,2357.6,Pending
103,175,2024-10-01,938.13,Shipped
104,130,2024-10-10,4706.5,Pending
105,59,2024-06-10,4114.14,Pending
106,252,2023-12-03,388.93,Cancelled
107,352,2023-10-30,286.97,Shipped
108,416,2024-01-31,2822.94,Pending
109,44,2024-06-27,4969.71,Shipped
110,286,2024-05-09,3826.93,Cancelled
111,306,2023-12-07,3957.89,Shipped
112,398,2024-02-07,2622.41,Pending
113,466,2024-02-28,2224.75,Cancelled
114,220,2023-08-31,1540.79,Cancelled
115,31,2023-05-21,3055.96,Cancelled
116,51,2024-09-14,4739.0,Shipped
117,321,2024-01-15,1070.91,Cancelled
118,42,2023-04-20,802.14,Shipped
119,283,2023-05-01,393.82,Shipped
120,210,2023-08-09,2263.51,Cancelled
121,241,2024-02-11,1470.47,Shipped
122,148,2024-02-17,3540.64,Cancelled
123,441,2023-07-25,2281.08,Cancelled
124,120,2024-05-29,4621.08,Cancelled
125,302,2023-05-11,3312.69,Shipped
126,218,2023-02-19,591.59,Shipped
127,332,2023-04-14,761.97,Pending
128,424,2024-08-22,728.34,Shipped
129,85,2023-03-09,3967.29,Cancelled
130,384,2024-11-01,4124.72,Pending
131,225,2023-03-20,639.28,Cancelled
132,156,2024-02-17,3504.67,Pending
133,257,2024-07-06,2709.11,Pending
134,42,2023-02-16,2998.22,Pending
135,377,2023-06-15,1625.16,Pending
136,14,2023-11-20,474.81,Cancelled
137,429,2024-05-10,4305.37,Cancelled
138,487,2024-07-07,123.31,Cancelled
139,421,2023-10-07,1362.16,Shipped
140,391,2023-05-25,3786.22,Pending
141,266,2023-09-19,3264.52,Pending
142,93,2024-05-24,4984.79,Pending
143,326,2024-05-25,4074.94,Shipped
144,241,2023-04-11,1752.85,Pending
145,165,2024-09-08,3357.26,Shipped
146,169,2023-03-27,2069.99,Pending
147,148,2024-06-23,3319.67,Pending
148,417,2024-09-01,3807.29,Shipped
149,233,2024-03-05,458.54,Pending
150,166,2024-09-14,597.29,Pending
151,443,2024-02-13,2582.69,Shipped
152,337,2024-10-03,4349.45,Pending
153,212,2024-01-23,289.94,Cancelled
154,186,2023-07-02,3120.72,Pending
155,321,2023-09-12,2221.36,Shipped
156,105,2024-06-24,1349.94,Shipped
157,475,2024-02-17,1454.39,Cancelled
158,249,2024-02-11,624.7,Cancelled
159,312,2024-02-23,4000.58,Cancelled
160,82,2023-08-18,1567.54,Shipped
161,283,2024-03-23,2051.79,Shipped
162,431,2023-10-20,4566.39,Pending
163,485,2024-10-16,604.98,Shipped
164,256,2024-11-24,4664.61,Pending
165,261,2024-03-21,3532.95,Pending
166,428,2024-03-26,2422.85,Pending
167,125,2023-02-09,2294.8,Shipped
168,197,2024-09-11,969.24,Cancelled
169,261,2023-02-20,3736.54,Shipped
170,443,2023-12-27,367.65,Pending
171,175,2024-12-10,4672.56,Cancelled
172,137,2025-01-06,4106.34,Pending
173,372,2023-04-29,1506.81,Cancelled
174,297,2023-11-20,4994.53,Pending
175,444,2024-01-11,760.01,Cancelled
176,248,2023-09-28,1738.72,Cancelled
177,391,2024-11-19,2726.28,Pending
178,478,2023-11-15,1622.45,Shipped
179,358,2024-01-05,1209.25,Pending
180,120,2024-01-19,4282.94,Pending
181,23,2023-02-23,1604.52,Pending
182,362,2023-02-21,4568.88,Pending
183,198,2023-06-13,4942.3,Cancelled
184,78,2024-04-03,2486.74,Shipped
185,65,2024-06-22,2521.41,Cancelled
186,170,2024-11-25,4351.11,Pending
187,52,2024-09-23,2639.24,Pending
188,8,2023-09-19,3617.77,Pending
189,446,2024-12-14,3280.81,Shipped
190,39,2024-07-28,2358.06,Pending
191,174,2023-06-03,3123.83,Pending
192,333,2024-02-12,419.97,Pending
193,437,2023-12-27,3378.3,Cancelled
194,195,2023-05-11,4771.62,Cancelled
195,368,2023-09-26,4439.44,Pending
196,447,2024-08-04,2714.26,Cancelled
197,36,2023-11-25,1189.16,Cancelled
198,472,2024-02-09,1451.15,Shipped
199,383,2024-09-11,470.09,Shipped
200,390,2023-04-21,3176.06,Shipped
201,228,2024-04-12,848.5,Pending
202,463,2024-07-04,164.16,Pending
203,408,2024-02-12,299.47,Pending
204,192,2024-06-22,2164.82,Shipped
205,272,2024-04-01,2072.02,Cancelled
206,406,2024-07-12,916.68,Shipped
207,41,2024-03-20,3055.27,Pending
208,318,2024-04-15,3422.01,Pending
209,468,2024-01-26,2924.12,Shipped
210,237,2024-01-31,3196.77,Pending
211,131,2024-04-07,3340.87,Pending
212,462,2024-11-20,1452.41,Cancelled
213,81,2023-05-28,387.83,Pending
214,301,2024-02-24,1509.79,Pending
215,354,2023-03-11,1265.49,Pending
216,102,2023-11-26,4996.88,Pending
217,55,2023-08-19,1201.28,Cancelled
218,184,2024-02-15,2882.56,Cancelled
219,152,2024-04-30,129.26,Cancelled
220,203,2023-11-16,1386.91,Cancelled
221,443,2024-05-20,3435.28,Cancelled
222,499,2024-07-05,264.24,Cancelled
223,382,2023-10-27,2493.7,Pending
224,398,2024-09-13,3998.32,Cancelled
225,411,2023-09-04,1774.56,Cancelled
226,98,2023-10-02,3112.04,Cancelled
227,387,2023-03-15,3610.22,Cancelled
228,349,2023-02-17,4194.92,Cancelled
229,50,2024-04-29,4518.95,Cancelled
230,21,2023-03-03,1558.49,Pending
231,18,2023-05-06,2906.28,Cancelled
232,68,2024-11-07,468.86,Pending
233,168,2023-11-07,3742.45,Shipped
234,103,2023-10-24,678.16,Cancelled
235,449,2024-10-16,4858.02,Cancelled
236,257,2024-08-25,4569.17,Shipped
237,132,2024-04-24,4571.96,Pending
238,496,2023-02-16,4036.31,Cancelled
239,446,2024-09-12,1706.8,Shipped
240,240,2024-12-19,4815.21,Shipped
241,387,2024-05-26,4833.17,Cancelled
242,371,2023-10-19,3378.54,Pending
243,496,2023-11-18,4231.81,Cancelled
244,188,2023-04-12,469.71,Pending
245,8,2023-12-25,1337.0,Shipped
246,233,2023-10-22,1855.56,Cancelled
247,345,2023-10-31,1325.56,Pending
248,422,2023-12-12,3199.98,Pending
249,56,2023-10-26,3380.69,Pending
250,13,2023-03-11,3105.34,Cancelled
251,168,2024-06-23,4577.97,Shipped
252,332,2023-08-04,334.82,Pending
253,466,2023-08-07,3511.36,Cancelled
254,210,2023-07-28,601.05,Shipped
255,485,2024-06-13,205.32,Pending
256,60,2023-09-26,504.02,Cancelled
257,70,2024-05-01,1955.46,Pending
258,344,2023-04-02,4747.92,Cancelled
259,485,2025-01-03,2710.16,Cancelled
260,381,2024-07-14,3638.46,Pending
261,336,2023-03-18,513.13,Pending
262,316,2024-12-01,2052.42,Pending
263,17,2023-09-20,3457.6,Shipped
264,228,2023-04-25,2234.59,Shipped
265,438,2023-10-16,1826.18,Cancelled
266,189,2023-06-07,2731.44,Cancelled
267,184,2023-02-11,321.54,Pending
268,98,2024-03-20,4841.67,Pending
269,47,2023-10-07,3320.59,Cancelled
270,328,2023-02-25,2993.79,Shipped
271,26,2024-01-19,3938.24,Shipped
272,65,2024-06-20,3939.15,Shipped
273,36,2024-11-27,4152.49,Cancelled
274,107,2023-12-21,2940.19,Shipped
275,169,2024-04-12,3876.36,Cancelled
276,2,2024-03-01,1400.83,Shipped
277,67,2024-12-27,2710.27,Shipped
278,57,2023-12-20,3312.07,Shipped
279,68,2023-08-22,94.0,Shipped
280,302,2023-02-11,1632.38,Shipped
281,136,2024-07-20,280.95,Cancelled
282,216,2024-01-26,2639.91,Cancelled
283,33,2024-04-27,2391.7,Pending
284,263,2023-02-13,2976.46,Pending
285,258,2023-09-29,1123.32,Cancelled
286,23,2023-11-16,3641.67,Cancelled
287,267,2024-04-14,1522.12,Cancelled
288,494,2023-11-26,175.13,Pending
289,434,2023-10-04,2020.05,Cancelled
290,56,2024-04-15,2461.54,Pending
291,38,2023-04-12,4498.35,Pending
292,312,2024-10-15,758.7,Shipped
293,141,2024-02-10,3129.1,Cancelled
294,281,2023-04-14,3566.52,Pending
295,306,2024-07-16,2662.17,Pending
296,259,2024-07-04,3035.03,Shipped
297,407,2023-07-05,3514.86,Cancelled
298,334,2023-10-14,4390.98,Cancelled
299,370,2024-02-16,4330.15,Pending
300,232,2024-02-21,4442.69,Pending
301,174,2024-10-18,4140.55,Pending
302,213,2024-09-12,3653.47,Pending
303,219,2024-06-28,1576.37,Pending
304,192,2023-10-17,4768.89,Cancelled
305,473,2023-06-05,2381.85,Shipped
306,426,2024-05-18,445.11,Pending
307,50,2023-09-16,3728.05,Pending
308,416,2023-11-05,667.97,Shipped
309,301,2023-12-31,4783.99,Cancelled
310,169,2023-07-02,3356.67,Pending
311,182,2024-02-16,4370.56,Pending
312,445,2024-06-03,4580.9,Shipped
313,496,2024-11-15,1452.39,Pending
314,181,2024-09-29,535.93,Cancelled
315,109,2023-03-26,790.56,Pending
316,115,2024-11-09,4239.43,Pending
317,433,2024-11-17,2790.2,Shipped
318,391,2024-03-18,1407.27,Shipped
319,414,2023-07-12,2156.98,Cancelled
320,499,2023-09-07,3841.81,Cancelled
321,315,2023-08-20,3381.38,Cancelled
322,14,2023-03-04,3052.79,Cancelled
323,425,2023-09-14,3473.49,Shipped
324,93,2024-04-16,1380.89,Pending
325,472,2023-12-05,1712.33,Shipped
326,93,2024-10-12,4351.92,Cancelled
327,337,2023-07-21,2015.91,Shipped
328,380,2024-05-26,3173.2,Shipped
329,47,2024-08-26,3735.64,Shipped
330,193,2023-04-08,2110.77,Pending
331,81,2024-08-06,1862.86,Cancelled
332,167,2024-11-12,3888.64,Cancelled
333,306,2024-04-20,443.09,Shipped
334,80,2023-04-10,803.9,Cancelled
335,26,2024-04-30,3376.36,Pending
336,227,2023-10-15,3316.45,Pending
337,311,2023-08-27,2221.38,Pending
338,111,2023-03-20,3779.62,Shipped
339,177,2024-04-10,2160.97,Pending
340,348,2024-10-10,3398.86,Pending
341,270,2024-03-14,3342.32,Shipped
342,113,2024-01-31,1988.41,Cancelled
343,29,2023-12-24,58.28,Pending
344,485,2023-07-08,1071.95,Shipped
345,392,2023-10-23,1292.49,Pending
346,62,2024-10-06,58.49,Cancelled
347,221,2023-03-27,894.96,Pending
348,273,2024-06-16,3524.28,Cancelled
349,287,2024-10-27,4170.1,Pending
350,37,2023-09-18,1997.41,Cancelled
351,22,2024-02-22,2192.37,Pending
352,472,2024-10-12,407.76,Pending
353,295,2023-09-16,2157.84,Pending
354,364,2023-12-29,3207.91,Pending
355,59,2024-06-25,2037.06,Pending
356,88,2024-03-21,4010.58,Cancelled
357,236,2023-09-27,4163.49,Pending
358,46,2023-07-01,2194.82,Shipped
359,125,2023-12-14,2189.67,Pending
360,269,2023-12-05,411.66,Pending
361,382,2023-08-10,1710.78,Pending
362,399,2024-05-26,857.3,Cancelled
363,325,2024-03-02,587.85,Cancelled
364,100,2024-01-14,4531.5,Pending
365,180,2024-07-01,3642.35,Cancelled
366,418,2024-09-10,755.5,Shipped
367,75,2024-03-27,1294.72,Shipped
368,309,2023-06-16,781.29,Cancelled
369,39,2024-12-11,902.19,Cancelled
370,253,2023-02-10,2330.49,Cancelled
371,390,2024-05-28,2905.75,Cancelled
372,474,2024-07-26,4412.6,Cancelled
373,326,2024-03-02,4932.93,Pending
374,443,2024-11-27,4855.45,Pending
375,78,2023-06-20,2210.02,Pending
376,227,2024-04-19,3164.3,Pending
377,303,2024-02-18,299.74,Cancelled
378,38,2023-07-11,1565.83,Pending
379,20,2024-06-23,303.31,Pending
380,40,2024-10-27,3230.44,Shipped
381,315,2024-08-25,2978.52,Pending
382,237,2025-01-24,2910.04,Cancelled
383,459,2024-01-24,224.29,Cancelled
384,334,2023-08-23,957.43,Cancelled
385,244,2025-01-23,2516.81,Shipped
386,231,2024-06-05,535.44,Pending
387,366,2024-03-15,439.96,Cancelled
388,89,2024-10-16,214.93,Cancelled
389,225,2024-05-18,4955.11,Cancelled
390,268,2024-11-19,3056.83,Pending
391,191,2024-09-15,4591.33,Pending
392,210,2024-12-31,3876.83,Cancelled
393,307,2023-12-29,280.78,Cancelled
394,332,2025-01-21,1686.55,Pending
395,49,2024-04-10,2798.66,Pending
396,146,2024-08-13,1274.94,Cancelled
397,494,2024-05-27,4533.59,Shipped
398,171,2023-03-14,425.88,Cancelled
399,73,2024-03-07,4585.4,Pending
400,496,2023-07-01,3287.15,Cancelled
401,201,2023-11-05,662.18,Cancelled
402,481,2024-01-21,441.9,Cancelled
403,193,2023-05-21,3224.6,Pending
404,417,2023-08-01,656.41,Cancelled
405,425,2023-05-23,4736.6,Cancelled
406,468,2024-08-28,2641.44,Cancelled
407,344,2024-07-12,2128.56,Pending
408,10,2024-09-12,1825.74,Shipped
409,487,2023-09-17,1086.68,Pending
410,99,2024-11-12,1148.18,Shipped
411,80,2023-12-31,404.28,Shipped
412,260,2023-12-11,3858.96,Cancelled
413,453,2023-10-01,2642.13,Cancelled
414,173,2024-11-25,4384.44,Cancelled
415,68,2024-11-01,2994.29,Shipped
416,84,2025-01-03,920.61,Cancelled
417,395,2023-03-18,3131.21,Shipped
418,370,2024-06-02,2199.61,Pending
419,187,2023-07-04,3388.29,Shipped
420,497,2024-11-14,2232.11,Pending
421,386,2023-12-13,3747.71,Pending
422,120,2023-08-22,2679.38,Pending
423,495,2024-10-27,4046.95,Pending
424,463,2023-09-06,4178.86,Pending
425,348,2024-06-11,4736.71,Pending
426,237,2023-05-31,3851.8,Pending
427,258,2023-08-14,2646.75,Shipped
428,419,2024-07-13,1014.49,Cancelled
429,71,2024-05-07,4367.55,Shipped
430,329,2023-07-29,2413.34,Pending
431,284,2023-12-08,4672.78,Cancelled
432,434,2023-07-31,2589.23,Shipped
433,146,2023-04-25,437.7,Shipped
434,140,2023-05-23,2257.61,Cancelled
435,76,2023-06-25,4158.61,Shipped
436,485,2023-02-17,4554.31,Pending
437,453,2023-08-05,1760.93,Shipped
438,213,2024-10-07,285.22,Cancelled
439,192,2024-10-30,1194.17,Shipped
440,192,2023-09-25,1138.2,Pending
441,477,2024-01-22,513.43,Cancelled
442,333,2024-02-08,1689.75,Shipped
443,71,2024-04-05,210.75,Pending
444,357,2023-12-31,4158.93,Cancelled
445,241,2023-12-20,2254.04,Shipped
446,464,2024-06-12,414.54,Pending
447,111,2024-12-30,4178.12,Cancelled
448,482,2023-02-24,3641.63,Cancelled
449,217,2023-07-02,573.71,Pending
450,122,2023-05-30,1519.73,Shipped
451,123,2023-08-26,2110.73,Cancelled
452,235,2023-05-12,332.78,Pending
453,306,2023-02-18,2689.55,Cancelled
454,264,2023-08-15,2883.74,Cancelled
455,74,2024-10-01,1470.53,Shipped
456,315,2024-10-12,1777.02,Cancelled
457,214,2023-08-30,952.82,Cancelled
458,44,2024-06-21,2626.95,Pending
459,35,2024-03-29,4767.95,Cancelled
460,260,2023-06-12,3936.33,Cancelled
461,284,2024-06-10,121.26,Pending
462,23,2024-11-19,3185.64,Pending
463,130,2023-02-28,3741.64,Pending
464,404,2024-08-10,356.45,Shipped
465,376,2024-02-08,3292.38,Shipped
466,396,2024-09-25,2917.88,Pending
467,69,2023-02-11,240.79,Cancelled
468,174,2023-03-10,4071.27,Shipped
469,426,2024-11-24,3900.13,Pending
470,357,2024-12-23,2403.09,Shipped
471,416,2023-04-02,691.57,Cancelled
472,398,2023-09-27,4719.15,Shipped
473,151,2024-05-08,1023.92,Shipped
474,454,2023-09-15,228.69,Pending
475,264,2024-11-30,2003.16,Cancelled
476,243,2023-03-17,1281.5,Cancelled
477,98,2024-12-26,1444.83,Shipped
478,444,2023-12-09,3285.54,Pending
479,64,2024-12-23,4000.73,Pending
480,456,2023-11-05,2012.11,Pending
481,459,2024-07-01,4783.26,Pending
482,499,2024-06-20,950.35,Cancelled
483,255,2024-12-14,1849.39,Cancelled
484,137,2023-04-07,4009.72,Cancelled
485,218,2023-12-01,413.06,Cancelled
486,422,2024-11-09,918.67,Pending
487,165,2024-08-11,530.94,Pending
488,339,2024-11-11,1492.29,Pending
489,309,2023-05-16,3593.96,Shipped
490,354,2023-07-29,2230.66,Pending
491,22,2023-04-23,3639.54,Pending
492,315,2024-04-14,4990.79,Pending
493,328,2024-08-19,4900.54,Shipped
494,39,2024-02-19,3362.5,Pending
495,187,2025-01-20,2575.17,Cancelled
496,348,2023-04-30,816.73,Shipped
497,74,2024-03-07,4246.37,Cancelled
498,401,2024-06-25,2202.1,Shipped
499,35,2024-10-31,1195.26,Cancelled
500,188,2024-04-21,1823.51,Cancelled
501,17,2024-09-20,3033.37,Cancelled
502,231,2025-01-19,4745.14,Pending
503,228,2024-03-09,3820.16,Cancelled
504,71,2023-08-10,2656.71,Pending
505,161,2024-02-16,3254.81,Shipped
506,492,2024-12-14,584.97,Cancelled
507,96,2023-04-07,2505.24,Pending
508,468,2023-07-30,2817.13,Pending
509,397,2024-05-06,1316.24,Pending
510,110,2023-05-01,4981.9,Pending
511,356,2024-09-18,4584.06,Pending
512,103,2024-10-14,630.73,Shipped
513,232,2023-09-27,879.83,Cancelled
514,228,2023-10-09,4986.37,Cancelled
515,496,2024-11-03,4230.7,Pending
516,342,2024-04-24,1750.18,Shipped
517,282,2024-08-21,2720.01,Pending
518,436,2023-11-25,804.38,Cancelled
519,475,2024-10-13,3507.09,Shipped
520,407,2024-08-30,1820.23,Shipped
521,63,2024-08-26,4925.96,Shipped
522,122,2023-07-29,3956.06,Shipped
523,185,2025-01-22,2779.03,Pending
524,240,2023-12-21,4022.24,Cancelled
525,67,2023-07-15,3067.5,Shipped
526,34,2023-05-19,1560.27,Cancelled
527,369,2023-04-19,2403.75,Pending
528,394,2023-06-12,2058.98,Cancelled
529,38,2023-07-12,644.13,Pending
530,329,2023-08-28,389.34,Pending
531,349,2024-01-03,2596.45,Shipped
532,450,2023-12-10,4148.69,Cancelled
533,328,2023-08-12,2947.17,Shipped
534,222,2024-11-27,2524.26,Shipped
535,426,2024-04-28,638.32,Shipped
536,156,2023-03-11,839.99,Pending
537,479,2024-02-11,3552.47,Pending
538,486,2024-03-16,4705.7,Pending
539,434,2023-11-14,412.72,Shipped
540,326,2024-07-23,4782.63,Pending
541,65,2023-04-24,3132.61,Cancelled
542,274,2023-09-29,485.27,Cancelled
543,87,2024-03-25,2967.21,Cancelled
544,79,2023-12-22,872.58,Cancelled
545,369,2024-01-30,4511.96,Pending
546,432,2024-07-10,4621.17,Shipped
547,423,2023-08-06,4321.63,Shipped
548,24,2023-08-30,4743.76,Cancelled
549,136,2024-12-10,3262.63,Cancelled
550,214,2024-09-27,3098.18,Shipped
551,255,2025-01-23,4447.2,Cancelled
552,149,2023-05-19,3216.7,Pending
553,248,2023-11-04,1239.49,Cancelled
554,208,2024-01-31,1501.22,Shipped
555,353,2024-08-04,318.37,Pending
556,213,2023-11-08,2431.57,Shipped
557,175,2024-10-25,3041.17,Pending
558,442,2023-09-23,3597.45,Cancelled
559,441,2023-02-12,1739.95,Pending
560,67,2024-06-11,3808.11,Cancelled
561,288,2024-12-30,548.8,Shipped
562,239,2024-05-11,630.16,Pending
563,127,2023-02-23,721.57,Shipped
564,149,2024-11-10,4728.02,Cancelled
565,215,2024-08-23,1256.39,Shipped
566,417,2024-06-24,1650.63,Cancelled
567,370,2024-10-08,1577.32,Shipped
568,256,2025-01-26,4979.93,Pending
569,256,2023-03-10,4397.8,Pending
570,12,2024-07-16,468.44,Pending
571,259,2025-01-08,2297.01,Shipped
572,111,2024-09-30,2925.05,Shipped
573,26,2024-07-01,1421.15,Cancelled
574,452,2023-08-01,4217.39,Cancelled
575,241,2023-08-11,1443.03,Shipped
576,434,2024-03-31,555.34,Shipped
577,452,2023-11-21,1337.08,Pending
578,392,2023-09-24,2028.21,Shipped
579,206,2024-06-06,274.77,Cancelled
580,100,2024-07-24,1825.37,Pending
581,38,2023-11-04,1944.02,Pending
582,392,2024-12-28,2758.29,Cancelled
583,349,2024-10-18,3062.99,Shipped
584,500,2024-07-12,501.47,Pending
585,407,2023-05-01,4934.2,Cancelled
586,481,2024-03-17,1840.72,Shipped
587,102,2024-11-30,3020.27,Pending
588,257,2023-07-29,220.47,Shipped
589,71,2024-11-23,3573.69,Pending
590,266,2024-01-05,2295.8,Cancelled
591,458,2023-11-24,2587.22,Pending
592,477,2023-02-02,3073.08,Shipped
593,202,2025-01-02,4953.27,Cancelled
594,432,2023-11-28,1510.19,Pending
595,260,2025-01-16,4144.88,Cancelled
596,251,2025-01-08,3549.52,Pending
597,244,2023-08-13,4082.43,Pending
598,170,2023-09-17,3375.56,Pending
599,299,2023-04-07,1552.24,Cancelled
600,447,2025-01-23,3446.46,Shipped
601,306,2024-10-27,2383.46,Cancelled
602,401,2024-09-05,4860.84,Cancelled
603,296,2023-07-28,1153.17,Shipped
604,299,2023-09-15,2412.63,Cancelled
605,323,2023-07-09,3611.49,Pending
606,76,2024-11-24,4111.87,Shipped
607,17,2024-12-18,2871.4,Cancelled
608,57,2023-05-31,970.11,Pending
609,161,2025-01-07,2105.53,Pending
610,354,2024-01-02,1035.38,Cancelled
611,397,2024-05-31,3065.16,Pending
612,447,2023-09-30,4244.92,Cancelled
613,32,2024-12-10,3534.76,Cancelled
614,107,2024-10-18,2813.22,Cancelled
615,245,2024-09-13,2636.88,Pending
616,490,2024-06-10,882.45,Cancelled
617,176,2023-12-08,2740.44,Cancelled
618,396,2024-10-01,4340.92,Cancelled
619,330,2023-02-22,4022.19,Pending
620,313,2023-08-27,2431.22,Shipped
621,143,2024-11-29,2799.27,Shipped
622,483,2023-03-30,4865.09,Pending
623,395,2024-10-27,1459.24,Shipped
624,354,2024-09-23,3530.84,Pending
625,246,2025-01-26,1757.04,Cancelled
626,141,2024-02-12,1453.19,Cancelled
627,347,2024-01-27,2725.09,Pending
628,420,2024-08-21,1738.77,Shipped
629,149,2023-12-13,229.49,Cancelled
630,41,2025-01-15,1744.89,Pending
631,336,2024-11-10,1297.09,Pending
632,110,2023-10-12,1026.3,Cancelled
633,139,2024-08-06,4666.46,Cancelled
634,140,2023-12-21,703.62,Cancelled
635,380,2024-12-08,2942.42,Shipped
636,26,2025-01-09,3355.77,Cancelled
637,116,2024-10-25,3196.96,Shipped
638,52,2023-04-14,2078.24,Cancelled
639,242,2024-10-28,520.71,Shipped
640,3,2023-05-31,4823.3,Shipped
641,209,2024-07-22,3271.41,Pending
642,245,2023-08-17,3259.68,Pending
643,165,2024-02-24,1441.37,Shipped
644,465,2023-03-19,3848.25,Cancelled
645,294,2023-10-27,1176.46,Cancelled
646,371,2023-12-19,4254.66,Shipped
647,468,2024-05-08,4608.92,Pending
648,452,2024-08-15,4191.27,Shipped
649,429,2024-10-19,1997.03,Pending
650,96,2024-03-27,4684.31,Pending
651,449,2024-08-22,206.58,Pending
652,291,2023-10-07,3021.86,Pending
653,146,2024-01-14,2282.66,Cancelled
654,279,2024-07-19,2631.11,Shipped
655,436,2023-02-17,2530.98,Pending
656,99,2024-09-09,4047.89,Pending
657,84,2023-03-08,3660.97,Cancelled
658,132,2024-06-08,3598.62,Shipped
659,378,2024-06-08,1698.82,Pending
660,291,2023-06-18,3378.52,Shipped
661,90,2024-05-30,3062.55,Cancelled
662,460,2024-01-06,2039.34,Pending
663,264,2024-10-02,1653.07,Pending
664,343,2024-06-07,495.02,Shipped
665,245,2023-05-12,1631.54,Shipped
666,4,2023-01-29,1318.71,Shipped
667,229,2023-12-04,3773.71,Pending
668,155,2023-07-01,2920.65,Cancelled
669,6,2024-05-29,1322.53,Pending
670,355,2023-09-21,1196.79,Cancelled
671,61,2023-09-27,2337.67,Shipped
672,208,2024-04-18,3436.65,Cancelled
673,395,2023-03-31,1568.67,Shipped
674,328,2023-04-23,4582.33,Pending
675,189,2023-05-29,3080.83,Shipped
676,491,2023-08-08,685.17,Shipped
677,233,2024-03-03,3743.72,Cancelled
678,192,2024-08-03,2090.91,Cancelled
679,468,2024-09-14,2364.72,Cancelled
680,411,2024-11-02,3327.19,Shipped
681,391,2024-06-14,1252.38,Cancelled
682,448,2024-09-10,3941.11,Cancelled
683,229,2023-05-08,2650.3,Pending
684,40,2024-11-14,4587.88,Shipped
685,32,2024-05-02,4147.29,Cancelled
686,104,2024-07-12,2872.05,Shipped
687,85,2023-12-11,1654.03,Cancelled
688,227,2024-10-03,598.88,Shipped
689,368,2025-01-25,2924.08,Shipped
690,461,2023-10-02,2561.67,Shipped
691,233,2024-01-12,677.08,Pending
692,234,2024-02-02,2828.28,Cancelled
693,237,2024-12-05,3370.38,Pending
694,371,2024-08-20,128.42,Pending
695,419,2023-05-10,35.02,Shipped
696,297,2023-08-17,383.69,Pending
697,177,2023-06-10,3507.92,Cancelled
698,31,2024-07-13,4674.22,Shipped
699,479,2024-05-01,2370.91,Pending
700,210,2024-10-30,916.31,Shipped
701,393,2023-10-08,3214.79,Cancelled
702,331,2024-10-09,4819.64,Pending
703,457,2023-09-02,1924.75,Pending
704,193,2023-06-30,419.64,Cancelled
705,448,2023-04-02,2705.72,Cancelled
706,441,2023-12-14,1751.89,Shipped
707,276,2023-11-08,1977.43,Shipped
708,373,2023-06-17,4894.05,Shipped
709,388,2023-11-28,133.22,Pending
710,238,2024-12-07,3374.03,Cancelled
711,218,2023-11-16,2669.03,Shipped
712,127,2024-11-05,2313.91,Shipped
713,142,2024-12-13,958.63,Cancelled
714,392,2024-04-14,581.97,Cancelled
715,215,2023-07-20,3082.32,Shipped
716,124,2023-02-12,1046.29,Shipped
717,305,2023-02-13,187.21,Cancelled
718,345,2025-01-13,3522.37,Shipped
719,126,2024-04-04,3707.89,Pending
720,225,2024-06-12,1187.01,Shipped
721,387,2024-05-16,4321.38,Shipped
722,72,2024-05-27,2529.4,Pending
723,120,2023-07-23,4082.62,Cancelled
724,295,2024-12-31,1608.14,Cancelled
725,396,2023-04-06,3369.21,Pending
726,122,2024-01-21,1522.79,Shipped
727,339,2023-06-29,2615.83,Pending
728,154,2023-08-18,1390.27,Cancelled
729,486,2024-07-24,2966.5,Cancelled
730,467,2024-11-18,892.16,Cancelled
731,219,2023-06-07,2788.14,Shipped
732,498,2023-03-06,1735.19,Cancelled
733,344,2023-12-04,1918.15,Cancelled
734,164,2024-05-21,3487.62,Pending
735,77,2023-12-26,1513.44,Shipped
736,387,2024-05-07,2698.88,Shipped
737,435,2023-08-17,1142.22,Cancelled
738,74,2023-05-22,4032.77,Shipped
739,288,2023-04-06,2075.13,Pending
740,286,2023-11-08,2659.36,Pending
741,125,2023-06-08,1289.88,Pending
742,332,2024-04-11,413.77,Pending
743,434,2023-04-28,1867.97,Cancelled
744,371,2023-02-06,4150.44,Shipped
745,138,2024-08-07,1898.3,Cancelled
746,309,2024-03-10,216.95,Shipped
747,97,2023-12-30,4027.16,Cancelled
748,371,2024-09-18,3363.82,Shipped
749,246,2025-01-10,1060.27,Pending
750,156,2025-01-17,4785.96,Shipped
751,109,2024-01-14,4687.06,Cancelled
752,61,2024-10-30,3739.46,Pending
753,469,2024-07-03,1228.11,Cancelled
754,361,2024-02-14,1038.48,Shipped
755,283,2023-04-29,1621.64,Pending
756,195,2023-07-20,2341.93,Cancelled
757,184,2024-08-03,1555.94,Pending
758,263,2023-07-03,4416.4,Pending
759,51,2023-06-24,4018.03,Cancelled
760,241,2024-11-26,3812.91,Pending
761,469,2024-10-19,1031.57,Pending
762,212,2024-09-25,247.66,Shipped
763,380,2023-08-21,746.7,Pending
764,284,2023-09-07,4675.1,Cancelled
765,369,2024-08-28,2099.54,Shipped
766,101,2024-02-14,1662.73,Pending
767,292,2023-11-19,4170.15,Pending
768,282,2023-05-08,3279.95,Cancelled
769,173,2023-12-28,1301.49,Pending
770,495,2024-11-22,3623.32,Cancelled
771,252,2023-07-06,2314.93,Cancelled
772,408,2024-05-07,1773.84,Shipped
773,369,2023-07-13,2741.8,Shipped
774,470,2024-10-28,4449.04,Cancelled
775,491,2023-09-03,312.49,Shipped
776,430,2024-08-13,4236.55,Cancelled
777,25,2024-07-05,3826.41,Pending
778,71,2023-06-23,4215.87,Shipped
779,35,2023-12-17,3541.7,Shipped
780,112,2023-06-16,2538.55,Pending
781,31,2023-12-10,3096.82,Cancelled
782,479,2024-10-03,3090.27,Pending
783,338,2023-05-20,2449.51,Shipped
784,273,2023-02-18,2767.18,Shipped
785,9,2023-09-09,2656.5,Pending
786,275,2023-08-18,4887.85,Shipped
787,258,2023-07-28,4069.52,Cancelled
788,221,2024-05-20,4034.72,Shipped
789,55,2024-01-12,4591.88,Cancelled
790,77,2024-12-31,1220.02,Cancelled
791,270,2023-08-07,1277.04,Pending
792,137,2023-11-10,3978.78,Shipped
793,192,2024-04-23,4797.3,Pending
794,290,2024-07-11,1231.18,Cancelled
795,116,2024-06-12,1513.87,Shipped
796,335,2024-01-17,4958.54,Cancelled
797,389,2023-04-03,177.79,Pending
798,195,2023-02-04,1898.3,Pending
799,29,2024-01-26,3191.01,Cancelled
800,88,2023-05-10,431.78,Pending
801,331,2024-12-03,3926.19,Cancelled
802,440,2023-10-05,4869.72,Cancelled
803,471,2024-07-18,231.91,Shipped
804,462,2023-12-01,4343.22,Cancelled
805,244,2024-07-13,1370.05,Shipped
806,351,2023-07-10,4629.41,Cancelled
807,289,2024-08-03,3297.38,Shipped
808,476,2023-11-20,4255.13,Shipped
809,493,2024-07-30,1051.65,Shipped
810,386,2023-12-21,4107.04,Pending
811,476,2024-08-20,403.15,Shipped
812,289,2024-05-04,1217.55,Pending
813,347,2023-08-14,4484.7,Pending
814,197,2023-03-24,3782.93,Shipped
815,405,2023-04-11,4942.62,Cancelled
816,41,2024-04-03,2513.95,Pending
817,28,2023-03-13,506.48,Shipped
818,430,2023-03-08,398.57,Cancelled
819,394,2023-10-12,3077.05,Cancelled
820,204,2025-01-19,4845.22,Pending
821,16,2023-07-28,3177.93,Pending
822,252,2024-01-27,1156.13,Cancelled
823,482,2025-01-01,1889.63,Shipped
824,349,2023-10-29,2937.66,Pending
825,44,2024-05-11,3865.39,Pending
826,409,2025-01-25,1247.32,Shipped
827,43,2024-07-01,1354.5,Pending
828,365,2024-10-11,3923.77,Shipped
829,379,2024-05-05,1960.32,Pending
830,55,2024-07-31,475.77,Pending
831,228,2024-08-30,1812.39,Pending
832,53,2024-10-17,679.88,Shipped
833,221,2023-03-03,2255.24,Cancelled
834,263,2023-01-31,2052.06,Shipped
835,46,2023-08-12,1782.49,Shipped
836,306,2024-02-22,2998.26,Pending
837,443,2024-05-22,1938.48,Pending
838,212,2023-11-18,1951.24,Shipped
839,372,2023-09-18,4507.66,Shipped
840,293,2023-11-29,2615.1,Cancelled
841,195,2024-07-01,864.12,Pending
842,155,2023-11-11,1356.67,Shipped
843,33,2023-05-09,852.69,Pending
844,216,2024-12-20,1512.77,Shipped
845,185,2024-04-05,1273.46,Shipped
846,370,2023-02-27,3132.67,Cancelled
847,316,2024-04-21,993.83,Shipped
848,70,2023-06-15,1537.2,Pending
849,171,2023-08-17,4211.23,Pending
850,412,2023-06-07,4313.75,Pending
851,172,2024-02-22,2164.47,Cancelled
852,499,2024-02-13,2980.08,Pending
853,165,2025-01-18,3023.99,Cancelled
854,103,2023-10-17,2405.47,Shipped
855,494,2024-12-08,2003.23,Pending
856,150,2024-01-25,3679.67,Cancelled
857,252,2023-05-09,4839.46,Shipped
858,167,2023-04-06,1892.76,Pending
859,187,2023-09-30,587.16,Cancelled
860,103,2024-07-31,2969.29,Cancelled
861,93,2024-03-13,3414.93,Cancelled
862,14,2023-12-29,4765.96,Pending
863,483,2023-05-17,3547.67,Pending
864,409,2023-08-17,1470.83,Cancelled
865,36,2023-04-27,4098.45,Pending
866,345,2023-09-27,2506.53,Cancelled
867,156,2023-03-02,1225.27,Cancelled
868,79,2023-05-06,3581.88,Pending
869,38,2024-02-18,2256.35,Cancelled
870,246,2024-12-04,2919.58,Cancelled
871,260,2024-11-05,4619.01,Cancelled
872,215,2023-09-02,2727.35,Pending
873,360,2024-08-29,4479.6,Cancelled
874,305,2023-11-03,3198.14,Shipped
875,56,2025-01-15,3849.39,Cancelled
876,341,2023-12-27,1787.94,Cancelled
877,314,2023-09-03,240.6,Cancelled
878,347,2024-12-28,3240.78,Pending
879,495,2024-12-08,3985.23,Shipped
880,6,2023-08-19,511.06,Shipped
881,262,2024-05-17,3739.33,Cancelled
882,298,2024-11-01,3444.57,Shipped
883,229,2024-09-09,1883.12,Pending
884,396,2025-01-15,3404.19,Cancelled
885,257,2023-08-19,770.71,Shipped
886,248,2024-03-03,540.66,Pending
887,472,2023-09-27,4809.4,Shipped
888,426,2023-12-31,4704.57,Shipped
889,179,2024-12-20,1573.21,Pending
890,402,2023-06-04,1050.2,Pending
891,179,2023-09-29,2391.29,Pending
892,370,2024-08-21,3489.88,Pending
893,35,2024-02-12,1515.32,Cancelled
894,59,2024-09-11,132.47,Pending
895,332,2023-05-24,564.63,Shipped
896,477,2024-04-02,4919.82,Shipped
897,265,2024-11-19,888.78,Shipped
898,170,2025-01-12,2808.05,Pending
899,119,2024-06-20,3992.82,Cancelled
900,95,2024-06-04,948.21,Cancelled
901,222,2024-10-07,1990.0,Cancelled
902,315,2024-01-03,4417.82,Pending
903,304,2023-03-09,2159.17,Shipped
904,361,2023-06-22,1089.68,Pending
905,386,2023-05-22,3524.72,Shipped
906,296,2023-03-10,526.73,Cancelled
907,96,2023-07-24,1841.65,Shipped
908,235,2023-06-18,587.5,Cancelled
909,442,2023-02-23,2457.63,Cancelled
910,161,2024-01-27,2992.91,Cancelled
911,201,2023-08-17,2943.28,Pending
912,181,2023-06-03,4230.68,Cancelled
913,89,2024-07-28,4072.42,Cancelled
914,410,2024-01-24,1501.28,Cancelled
915,303,2023-12-31,442.06,Shipped
916,161,2023-04-27,606.95,Pending
917,60,2024-12-22,931.56,Cancelled
918,73,2025-01-16,2563.91,Pending
919,306,2024-02-15,706.58,Pending
920,217,2023-02-27,945.05,Cancelled
921,276,2024-01-04,3473.3,Cancelled
922,477,2023-10-30,4999.5,Cancelled
923,86,2024-07-30,2458.42,Shipped
924,96,2024-04-06,1586.61,Pending
925,318,2024-02-07,286.98,Pending
926,488,2024-01-17,67.73,Shipped
927,100,2024-02-13,4079.78,Cancelled
928,259,2023-04-24,3272.29,Pending
929,351,2024-11-13,2468.79,Cancelled
930,431,2024-08-08,2230.38,Shipped
931,43,2024-11-30,2835.68,Shipped
932,150,2023-05-21,182.82,Shipped
933,276,2023-05-03,1457.58,Pending
934,290,2023-10-25,3717.74,Pending
935,282,2023-04-09,2563.81,Cancelled
936,59,2023-07-04,1354.09,Cancelled
937,422,2024-12-01,4954.65,Cancelled
938,422,2023-09-04,3788.8,Cancelled
939,226,2023-06-16,2740.84,Pending
940,53,2024-11-05,3685.22,Cancelled
941,385,2023-06-06,1252.71,Shipped
942,231,2024-08-31,1328.82,Shipped
943,225,2024-02-26,4329.15,Shipped
944,398,2024-10-26,4063.21,Shipped
945,416,2023-08-26,3693.31,Cancelled
946,180,2024-04-08,4308.02,Cancelled
947,324,2024-12-18,2152.27,Cancelled
948,72,2024-06-25,3928.55,Shipped
949,413,2024-04-25,315.6,Pending
950,273,2023-07-10,1419.8,Cancelled
951,87,2024-04-24,1631.8,Cancelled
952,150,2023-01-30,1460.88,Pending
953,488,2024-03-10,4292.92,Cancelled
954,418,2024-09-13,494.22,Pending
955,471,2024-04-14,315.24,Pending
956,444,2023-06-16,3286.36,Cancelled
957,444,2023-12-16,680.8,Shipped
958,365,2025-01-10,1624.04,Shipped
959,390,2023-03-27,4220.91,Pending
960,251,2023-08-06,728.01,Cancelled
961,138,2024-09-14,3146.51,Pending
962,232,2024-02-17,396.07,Shipped
963,207,2024-07-05,2587.76,Pending
964,356,2023-04-10,4682.95,Pending
965,233,2024-12-16,4752.27,Pending
966,298,2023-10-09,32.32,Cancelled
967,48,2023-02-16,3660.04,Pending
968,326,2023-09-04,3327.44,Pending
969,436,2024-07-09,335.39,Cancelled
970,204,2024-07-08,1104.79,Pending
971,423,2023-05-01,1075.02,Pending
972,166,2023-11-29,4145.15,Pending
973,281,2023-11-13,2898.11,Cancelled
974,437,2024-04-29,2436.98,Pending
975,458,2025-01-17,3419.11,Shipped
976,24,2023-04-19,515.88,Pending
977,9,2024-11-07,638.7,Shipped
978,226,2023-10-05,2293.46,Pending
979,104,2023-05-26,4978.56,Shipped
980,452,2023-02-18,3256.99,Shipped
981,448,2023-03-30,4664.97,Pending
982,48,2024-01-19,3279.85,Pending
983,43,2024-11-02,1871.78,Cancelled
984,85,2024-07-29,277.9,Cancelled
985,157,2024-06-22,3635.42,Shipped
986,220,2024-02-03,3284.32,Cancelled
987,49,2024-01-14,25.41,Pending
988,40,2024-05-29,680.84,Shipped
989,266,2023-08-24,3406.31,Shipped
990,5,2024-05-02,3484.07,Shipped
991,441,2024-06-21,2123.12,Shipped
992,245,2023-01-31,372.72,Pending
993,46,2023-10-09,3659.2,Shipped
994,53,2023-03-02,1580.49,Pending
995,71,2024-06-19,1925.95,Shipped
996,329,2024-05-24,4964.84,Shipped
997,36,2024-01-13,2661.93,Shipped
998,313,2023-10-06,3257.1,Pending
999,180,2024-08-17,3617.71,Cancelled
1000,384,2024-08-19,773.84,Pending
1001,316,2024-12-31,3439.1,Shipped
1002,45,2024-10-07,4485.03,Shipped
1003,386,2024-04-13,633.32,Cancelled
1004,197,2023-05-07,1770.65,Pending
1005,162,2023-07-10,3959.56,Shipped
1006,142,2024-11-27,3230.21,Shipped
1007,284,2023-03-05,3012.98,Cancelled
1008,312,2024-10-10,1438.91,Cancelled
1009,14,2024-06-09,4242.5,Cancelled
1010,449,2023-09-03,1522.21,Cancelled
1011,311,2023-10-05,2557.42,Cancelled
1012,201,2024-10-07,1491.8,Shipped
1013,402,2023-03-11,4491.6,Shipped
1014,254,2024-08-26,1941.71,Shipped
1015,256,2023-03-22,3197.65,Shipped
1016,271,2024-03-26,4445.85,Shipped
1017,185,2024-05-08,4670.94,Shipped
1018,199,2023-11-19,4306.85,Cancelled
1019,216,2023-04-08,1839.75,Cancelled
1020,89,2023-12-02,3818.38,Shipped
1021,9,2023-08-13,2945.07,Shipped
1022,135,2023-06-14,1094.4,Shipped
1023,486,2023-08-01,3950.66,Cancelled
1024,147,2024-09-16,3150.28,Cancelled
1025,393,2024-11-29,2088.85,Cancelled
1026,206,2023-12-02,430.49,Cancelled
1027,276,2023-04-06,3087.91,Pending
1028,43,2023-02-11,1563.34,Cancelled
1029,472,2024-11-19,1031.92,Shipped
1030,275,2023-07-07,1647.22,Cancelled
1031,325,2023-06-02,3820.86,Cancelled
1032,349,2023-11-24,3222.91,Pending
1033,358,2024-09-23,2198.68,Shipped
1034,30,2023-12-05,1237.51,Pending
1035,60,2023-09-05,2277.79,Cancelled
1036,29,2024-06-12,1560.26,Cancelled
1037,337,2024-09-02,3708.48,Shipped
1038,7,2024-06-18,3545.35,Cancelled
1039,6,2023-05-26,835.89,Pending
1040,268,2023-04-30,2595.77,Cancelled
1041,133,2023-09-15,851.48,Shipped
1042,384,2024-02-12,3910.0,Pending
1043,376,2024-10-10,4434.35,Shipped
1044,172,2023-12-28,4039.4,Pending
1045,269,2024-08-20,338.08,Cancelled
1046,500,2024-10-14,2891.73,Shipped
1047,255,2025-01-11,2286.88,Pending
1048,29,2023-09-24,2508.06,Cancelled
1049,86,2024-12-28,1851.09,Pending
1050,396,2024-07-12,532.47,Cancelled
1051,346,2024-05-09,3619.44,Shipped
1052,380,2023-05-08,2553.95,Shipped
1053,440,2023-11-01,4317.38,Shipped
1054,24,2024-06-26,2369.39,Pending
1055,472,2023-04-11,767.42,Shipped
1056,284,2024-11-03,4019.52,Cancelled
1057,380,2023-11-08,3285.4,Shipped
1058,165,2024-02-29,1256.35,Cancelled
1059,164,2023-07-01,1370.86,Shipped
1060,293,2024-02-11,1876.58,Cancelled
1061,345,2024-01-07,4511.67,Shipped
1062,115,2024-12-14,4025.6,Shipped
1063,489,2023-11-24,2016.61,Pending
1064,444,2024-02-01,1425.89,Pending
1065,168,2023-08-23,450.2,Pending
1066,5,2024-04-08,1857.22,Pending
1067,289,2024-05-07,3926.85,Cancelled
1068,319,2023-12-21,1228.07,Pending
1069,303,2023-04-07,4859.85,Shipped
1070,376,2024-09-05,4504.21,Shipped
1071,78,2023-12-21,51.76,Pending
1072,13,2024-10-17,1180.33,Pending
1073,326,2023-11-09,4201.08,Shipped
1074,487,2024-05-17,1688.39,Cancelled
1075,193,2023-06-20,4248.05,Cancelled
1076,158,2023-12-30,537.67,Cancelled
1077,122,2024-05-30,2110.68,Shipped
1078,498,2023-12-23,4984.86,Cancelled
1079,144,2023-04-09,483.27,Shipped
1080,460,2023-02-27,4230.61,Pending
1081,359,2024-02-29,4479.98,Pending
1082,499,2023-10-19,3744.54,Cancelled
1083,49,2024-01-22,2537.03,Cancelled
1084,420,2024-07-05,1983.87,Cancelled
1085,291,2023-07-20,330.17,Cancelled
1086,494,2024-06-13,670.93,Pending
1087,134,2024-07-13,4257.55,Pending
1088,359,2024-08-03,4162.86,Pending
1089,163,2023-05-27,2274.73,Shipped
1090,39,2025-01-18,4718.9,Shipped
1091,400,2024-02-15,3855.33,Shipped
1092,80,2024-03-11,546.18,Pending
1093,239,2024-05-29,1583.89,Shipped
1094,275,2024-06-12,1804.27,Shipped
1095,232,2024-03-09,1555.37,Pending
1096,437,2023-04-02,617.17,Shipped
1097,414,2023-09-09,3436.55,Cancelled
1098,357,2024-01-25,3024.45,Shipped
1099,428,2024-01-01,4285.73,Shipped
1100,47,2023-03-29,3561.56,Pending
1101,203,2024-12-31,2577.03,Cancelled
1102,154,2024-10-10,1315.63,Shipped
1103,16,2024-02-01,4761.44,Pending
1104,285,2023-09-17,3745.43,Shipped
1105,49,2023-05-22,2320.98,Shipped
1106,63,2023-05-06,79.55,Shipped
1107,67,2024-07-11,1006.7,Pending
1108,191,2024-12-28,3437.7,Cancelled
1109,44,2023-09-17,2919.97,Pending
1110,470,2024-11-10,4067.48,Shipped
1111,34,2023-08-08,1004.8,Cancelled
1112,228,2024-03-08,4050.31,Shipped
1113,464,2023-12-25,4239.43,Pending
1114,63,2023-09-13,232.63,Pending
1115,26,2024-04-12,856.59,Cancelled
1116,222,2023-03-05,4111.99,Pending
1117,255,2024-03-29,166.82,Cancelled
1118,219,2023-03-27,880.58,Shipped
1119,466,2025-01-08,952.01,Pending
1120,229,2023-03-03,4419.45,Shipped
1121,315,2024-02-29,3103.5,Shipped
1122,332,2023-04-20,1489.62,Pending
1123,452,2024-02-27,2762.43,Shipped
1124,45,2023-12-23,1413.28,Shipped
1125,215,2023-12-13,1013.3,Cancelled
1126,128,2023-04-10,3161.16,Cancelled
1127,407,2024-01-22,117.26,Pending
1128,401,2024-06-23,3572.59,Pending
1129,279,2024-08-08,3911.55,Pending
1130,468,2024-04-12,2836.94,Pending
1131,199,2024-10-19,1366.77,Shipped
1132,164,2023-08-11,2993.64,Shipped
1133,459,2023-10-30,4057.23,Pending
1134,30,2023-08-12,4047.1,Pending
1135,272,2024-04-25,1800.02,Cancelled
1136,120,2023-03-31,4870.42,Shipped
1137,127,2024-09-15,3291.18,Pending
1138,274,2024-02-22,4085.1,Cancelled
1139,29,2023-02-08,3824.97,Shipped
1140,295,2023-04-25,4235.6,Pending
1141,182,2024-08-24,4677.33,Shipped
1142,91,2024-06-23,1198.02,Pending
1143,413,2024-01-21,3695.76,Pending
1144,468,2023-06-15,2965.98,Cancelled
1145,359,2024-09-28,1771.38,Cancelled
1146,289,2023-06-17,727.67,Shipped
1147,429,2024-11-11,4940.27,Pending
1148,278,2023-11-28,1559.08,Pending
1149,20,2023-03-03,469.48,Shipped
1150,309,2023-04-01,1109.67,Cancelled
1151,245,2023-12-16,23.4,Cancelled
1152,104,2024-12-07,4036.1,Pending
1153,368,2024-07-27,903.75,Pending
1154,31,2023-09-15,129.13,Cancelled
1155,361,2023-09-27,4587.78,Shipped
1156,434,2024-04-27,2640.95,Pending
1157,492,2024-08-11,381.21,Cancelled
1158,483,2024-01-15,3317.45,Cancelled
1159,52,2024-09-06,1696.07,Pending
1160,70,2024-06-30,4879.79,Cancelled
1161,486,2024-01-11,2195.6,Cancelled
1162,492,2024-05-25,2446.26,Pending
1163,90,2024-10-15,3541.77,Cancelled
1164,356,2023-08-20,4450.21,Cancelled
1165,403,2023-10-19,1796.99,Cancelled
1166,302,2025-01-09,4075.98,Pending
1167,158,2024-12-03,3675.29,Pending
1168,66,2024-10-17,904.99,Shipped
1169,486,2023-06-21,3516.0,Cancelled
1170,201,2023-07-09,4256.77,Cancelled
1171,17,2023-06-19,926.77,Pending
1172,472,2023-03-28,4047.86,Cancelled
1173,114,2024-08-29,3205.44,Shipped
1174,480,2024-05-10,2491.0,Pending
1175,382,2023-08-16,407.48,Pending
1176,164,2024-12-04,856.08,Shipped
1177,421,2024-07-03,3550.65,Cancelled
1178,374,2023-04-19,4435.53,Pending
1179,6,2023-12-29,1340.76,Shipped
1180,355,2024-03-17,357.62,Pending
1181,403,2023-02-09,558.01,Shipped
1182,25,2023-01-31,1941.97,Cancelled
1183,215,2023-11-29,4846.13,Pending
1184,253,2023-04-27,4411.22,Pending
1185,280,2023-02-06,1889.23,Pending
1186,404,2023-06-09,4322.97,Cancelled
1187,389,2024-06-19,3442.06,Shipped
1188,232,2024-02-01,387.07,Shipped
1189,151,2024-01-19,119.99,Pending
1190,488,2024-07-17,541.53,Pending
1191,88,2023-12-07,4441.9,Shipped
1192,375,2024-12-01,393.51,Shipped
1193,174,2024-06-20,2978.27,Cancelled
1194,458,2024-08-27,2424.03,Shipped
1195,221,2024-05-08,4713.36,Shipped
1196,311,2024-08-12,4450.97,Shipped
1197,28,2024-02-09,524.26,Shipped
1198,499,2023-09-19,966.12,Cancelled
1199,284,2024-05-21,3615.75,Cancelled
1200,277,2024-10-19,1341.02,Pending
1201,153,2024-05-20,1202.99,Shipped
1202,202,2023-11-03,2867.41,Pending
1203,79,2024-07-16,291.43,Shipped
1204,219,2024-07-03,456.39,Cancelled
1205,321,2024-07-16,3009.07,Shipped
1206,50,2024-07-04,148.16,Shipped
1207,327,2023-11-29,1473.22,Shipped
1208,243,2024-10-12,4221.97,Pending
1209,402,2023-09-19,1999.39,Pending
1210,459,2023-04-05,3311.98,Shipped
1211,329,2023-05-04,2729.75,Shipped
1212,190,2023-05-11,4429.75,Pending
1213,96,2023-02-06,2239.96,Pending
1214,226,2023-06-24,2335.99,Shipped
1215,429,2023-04-23,1357.44,Shipped
1216,78,2024-10-21,3766.13,Cancelled
1217,50,2023-02-08,446.82,Pending
1218,414,2024-07-20,2716.42,Cancelled
1219,117,2023-06-22,2776.94,Pending
1220,420,2024-11-24,2622.46,Cancelled
1221,352,2023-02-16,4337.13,Pending
1222,294,2023-07-08,4410.64,Pending
1223,154,2024-02-04,413.2,Cancelled
1224,18,2024-06-13,2520.47,Cancelled
1225,410,2023-05-19,2866.0,Cancelled
1226,76,2024-06-14,619.0,Pending
1227,89,2023-08-02,4746.33,Shipped
1228,498,2023-12-31,1075.21,Shipped
1229,65,2024-11-11,232.53,Shipped
1230,350,2024-05-27,2188.26,Cancelled
1231,76,2024-11-23,4173.86,Pending
1232,164,2024-10-01,4555.81,Shipped
1233,45,2024-03-20,1952.73,Pending
1234,283,2023-06-24,1644.11,Pending
1235,267,2023-04-03,2301.62,Shipped
1236,403,2023-09-17,3508.05,Cancelled
1237,268,2024-09-15,3912.79,Shipped
1238,213,2024-01-21,765.22,Cancelled
1239,302,2023-05-22,2921.73,Shipped
1240,474,2024-01-30,546.06,Shipped
1241,403,2023-12-20,1444.74,Cancelled
1242,451,2023-02-12,1732.47,Pending
1243,136,2023-04-27,1927.56,Pending
1244,293,2023-06-05,3052.63,Shipped
1245,89,2024-12-27,1391.56,Shipped
1246,317,2023-05-25,3051.1,Cancelled
1247,206,2024-08-22,213.14,Pending
1248,354,2024-07-25,1203.14,Cancelled
1249,244,2024-01-07,4605.76,Pending
1250,11,2024-02-07,1702.57,Pending
1251,160,2024-01-28,1416.13,Pending
1252,440,2023-02-11,3486.99,Shipped
1253,498,2024-11-24,4347.12,Shipped
1254,154,2024-01-11,4871.61,Pending
1255,397,2024-04-25,4132.6,Pending
1256,374,2023-08-03,2095.53,Cancelled
1257,46,2023-07-02,955.92,Shipped
1258,468,2023-09-13,4123.37,Cancelled
1259,249,2024-04-13,3802.28,Pending
1260,421,2024-11-01,299.9,Shipped
1261,34,2024-11-04,1569.39,Cancelled
1262,207,2023-11-27,695.54,Cancelled
1263,451,2023-03-07,2851.99,Shipped
1264,99,2023-10-13,4378.4,Shipped
1265,429,2023-02-02,306.99,Shipped
1266,234,2023-04-16,271.79,Pending
1267,361,2024-05-30,1011.57,Pending
1268,422,2024-11-15,2331.81,Pending
1269,326,2024-08-02,4616.91,Cancelled
1270,16,2023-12-28,1224.85,Pending
1271,305,2023-12-15,2241.6,Pending
1272,301,2024-11-16,2765.64,Pending
1273,84,2024-02-16,4191.52,Pending
1274,384,2024-08-21,4157.73,Shipped
1275,146,2024-04-20,156.7,Shipped
1276,84,2024-05-03,4272.03,Shipped
1277,439,2024-08-16,1122.33,Shipped
1278,347,2024-04-01,1049.52,Cancelled
1279,210,2023-09-09,2576.14,Cancelled
1280,5,2023-02-24,2381.0,Shipped
1281,332,2024-02-09,882.54,Shipped
1282,115,2023-12-03,1276.9,Pending
1283,365,2024-02-08,4835.78,Cancelled
1284,141,2024-02-29,2130.56,Pending
1285,437,2024-04-30,1756.57,Pending
1286,112,2024-08-11,2344.16,Cancelled
1287,267,2024-05-15,4125.07,Pending
1288,300,2025-01-22,529.51,Cancelled
1289,340,2024-07-07,4833.1,Pending
1290,288,2024-12-29,3243.76,Cancelled
1291,145,2024-10-22,1506.41,Shipped
1292,247,2024-11-30,337.91,Pending
1293,328,2024-02-09,1639.18,Pending
1294,134,2023-07-26,3287.48,Cancelled
1295,153,2024-08-03,958.03,Cancelled
1296,392,2023-03-15,1216.7,Shipped
1297,413,2024-03-12,4289.43,Cancelled
1298,207,2023-02-10,3309.44,Cancelled
1299,72,2023-12-20,3611.99,Cancelled
1300,255,2024-04-18,4987.4,Pending
1301,465,2023-09-29,2104.46,Pending
1302,378,2024-03-31,195.89,Cancelled
1303,293,2023-03-17,4083.75,Pending
1304,372,2023-08-23,3572.58,Cancelled
1305,274,2024-12-20,3198.8,Pending
1306,465,2024-06-13,4704.53,Pending
1307,260,2023-12-17,1514.97,Shipped
1308,431,2024-12-17,3294.92,Cancelled
1309,93,2024-01-29,1483.04,Pending
1310,66,2023-04-27,3709.78,Cancelled
1311,414,2024-02-15,2803.98,Shipped
1312,485,2024-05-24,3404.97,Pending
1313,336,2025-01-25,464.71,Pending
1314,115,2024-06-11,3726.17,Pending
1315,216,2023-10-23,3944.69,Pending
1316,191,2024-01-10,1317.58,Pending
1317,238,2024-07-21,4259.05,Pending
1318,28,2023-12-31,4334.64,Cancelled
1319,298,2023-02-12,4722.62,Shipped
1320,242,2023-06-01,4449.34,Cancelled
1321,62,2023-09-07,4340.14,Pending
1322,272,2024-08-13,1505.81,Shipped
1323,446,2023-06-25,4274.11,Shipped
1324,103,2024-01-26,1726.5,Cancelled
1325,458,2023-10-21,4534.97,Pending
1326,74,2024-01-02,1595.59,Cancelled
1327,93,2023-07-26,3899.13,Pending
1328,171,2024-02-25,3162.54,Shipped
1329,161,2023-07-16,3179.8,Shipped
1330,232,2024-04-27,1382.17,Shipped
1331,296,2025-01-02,3827.13,Pending
1332,403,2024-07-12,3822.57,Shipped
1333,67,2023-10-17,3080.11,Cancelled
1334,220,2025-01-11,2028.9,Pending
1335,197,2024-05-08,43.25,Cancelled
1336,103,2024-11-19,3658.68,Shipped
1337,457,2024-11-11,1624.62,Cancelled
1338,98,2024-08-04,109.22,Shipped
1339,321,2024-06-20,3673.34,Shipped
1340,356,2024-01-25,4387.39,Pending
1341,67,2023-05-08,531.49,Cancelled
1342,302,2024-12-12,1544.45,Shipped
1343,422,2023-09-11,247.68,Pending
1344,234,2024-08-10,3644.6,Cancelled
1345,269,2024-08-01,1702.42,Cancelled
1346,69,2023-11-26,1726.81,Pending
1347,184,2023-12-16,3755.58,Shipped
1348,486,2024-11-04,4536.33,Pending
1349,10,2024-07-02,1157.52,Cancelled
1350,68,2024-06-16,1071.73,Shipped
1351,302,2024-08-19,2533.08,Shipped
1352,188,2023-11-02,3561.33,Shipped
1353,193,2024-10-06,4385.19,Pending
1354,395,2024-01-28,2682.97,Shipped
1355,305,2024-10-09,4973.51,Cancelled
1356,56,2024-11-12,3274.77,Shipped
1357,25,2023-06-01,3454.95,Pending
1358,228,2024-05-23,1913.66,Cancelled
1359,130,2023-07-06,2382.49,Shipped
1360,106,2023-09-03,3482.06,Cancelled
1361,5,2024-07-16,1519.56,Cancelled
1362,52,2024-08-30,3319.17,Pending
1363,319,2023-04-03,3036.06,Shipped
1364,215,2024-06-28,4156.65,Shipped
1365,262,2024-02-06,3599.46,Shipped
1366,145,2023-05-07,587.78,Shipped
1367,255,2023-06-10,1009.26,Shipped
1368,399,2023-06-30,1329.71,Cancelled
1369,499,2023-05-28,1024.33,Cancelled
1370,210,2024-05-11,1490.85,Shipped
1371,281,2024-02-13,2491.85,Shipped
1372,353,2023-04-15,4666.96,Pending
1373,121,2024-10-04,33.64,Cancelled
1374,46,2023-12-16,4536.26,Cancelled
1375,343,2024-02-14,2480.64,Shipped
1376,400,2023-09-19,2568.29,Cancelled
1377,371,2023-07-28,524.43,Pending
1378,330,2023-07-08,1171.18,Pending
1379,136,2024-04-03,2332.1,Shipped
1380,417,2023-03-04,890.02,Shipped
1381,437,2023-02-10,1467.02,Cancelled
1382,161,2023-11-01,2141.46,Shipped
1383,49,2024-12-11,4259.2,Shipped
1384,5,2023-08-17,4262.95,Cancelled
1385,332,2023-10-31,869.15,Pending
1386,458,2024-07-05,2199.82,Cancelled
1387,138,2023-05-30,4394.81,Shipped
1388,191,2023-06-11,4078.52,Shipped
1389,59,2024-10-31,2015.87,Pending
1390,140,2024-11-24,4181.83,Cancelled
1391,436,2024-12-21,2401.66,Pending
1392,333,2024-02-22,4432.9,Shipped
1393,58,2023-02-20,679.91,Cancelled
1394,31,2024-10-14,4908.21,Shipped
1395,54,2023-03-17,2091.82,Cancelled
1396,248,2023-10-16,4015.28,Cancelled
1397,225,2023-12-27,922.68,Pending
1398,399,2023-04-25,1805.82,Shipped
1399,442,2024-05-20,3428.63,Cancelled
1400,499,2023-07-22,4460.98,Pending
1401,472,2023-04-30,2450.85,Pending
1402,226,2024-04-07,248.94,Pending
1403,336,2023-07-20,1584.9,Cancelled
1404,445,2024-02-08,3396.09,Cancelled
1405,296,2023-08-15,3624.39,Shipped
1406,490,2023-10-18,3355.82,Pending
1407,266,2024-09-27,2625.05,Cancelled
1408,317,2023-10-29,494.31,Cancelled
1409,373,2024-09-15,1257.91,Pending
1410,340,2023-03-04,3387.95,Pending
1411,77,2024-09-16,4198.38,Cancelled
1412,457,2024-12-08,4939.2,Shipped
1413,6,2024-04-03,3224.13,Shipped
1414,259,2023-08-22,4247.25,Pending
1415,446,2024-12-23,843.71,Pending
1416,165,2023-05-24,1219.64,Pending
1417,26,2024-11-19,2544.51,Cancelled
1418,330,2024-07-16,1905.62,Shipped
1419,41,2024-12-05,2306.29,Cancelled
1420,230,2024-03-02,458.34,Pending
1421,229,2024-05-10,1593.99,Pending
1422,382,2024-06-30,3273.8,Shipped
1423,207,2023-04-17,2073.45,Cancelled
1424,282,2024-07-28,20.85,Shipped
1425,406,2023-03-07,3028.93,Cancelled
1426,327,2025-01-15,1536.9,Cancelled
1427,288,2024-01-02,1050.12,Cancelled
1428,234,2024-10-08,4752.77,Pending
1429,423,2024-01-17,290.29,Shipped
1430,433,2024-11-10,2283.21,Cancelled
1431,393,2024-09-05,3106.39,Pending
1432,367,2023-04-23,3292.69,Cancelled
1433,232,2023-04-19,587.84,Cancelled
1434,114,2024-09-25,30.94,Pending
1435,425,2024-05-15,3175.63,Pending
1436,281,2024-05-14,2619.49,Cancelled
1437,55,2024-09-25,247.97,Shipped
1438,253,2024-11-23,719.44,Cancelled
1439,381,2023-04-16,3613.36,Shipped
1440,131,2024-10-27,3062.04,Shipped
1441,62,2024-04-07,4652.48,Pending
1442,111,2023-02-28,2296.09,Shipped
1443,367,2024-02-25,1702.91,Pending
1444,24,2023-04-18,4634.6,Cancelled
1445,302,2023-06-05,633.63,Pending
1446,235,2024-05-30,3299.11,Cancelled
1447,69,2023-04-28,4820.0,Shipped
1448,272,2024-12-03,3686.35,Cancelled
1449,479,2023-07-05,2175.4,Cancelled
1450,248,2025-01-03,4623.37,Shipped
1451,355,2023-11-03,2901.2,Cancelled
1452,418,2023-05-28,659.34,Pending
1453,337,2024-08-14,3010.72,Pending
1454,259,2023-09-10,4409.33,Pending
1455,312,2024-07-30,4581.23,Shipped
1456,141,2024-01-04,2001.39,Pending
1457,497,2024-09-09,1484.98,Shipped
1458,71,2024-02-23,2075.47,Cancelled
1459,454,2024-02-18,3747.17,Pending
1460,432,2024-08-17,3513.44,Pending
1461,365,2024-12-03,3689.36,Cancelled
1462,324,2023-04-14,1102.37,Shipped
1463,320,2023-05-26,3577.63,Cancelled
1464,177,2024-06-12,4607.53,Shipped
1465,364,2023-11-05,3257.43,Shipped
1466,258,2023-10-13,2721.61,Cancelled
1467,166,2024-10-24,3557.56,Pending
1468,288,2023-05-14,2412.24,Cancelled
1469,483,2023-05-02,3342.44,Pending
1470,346,2024-11-16,3744.39,Cancelled
1471,147,2023-07-02,4389.84,Pending
1472,414,2024-01-03,83.6,Shipped
1473,13,2023-12-15,1916.73,Shipped
1474,344,2024-09-15,301.89,Pending
1475,385,2024-09-15,3931.95,Pending
1476,350,2023-02-01,1267.79,Shipped
1477,354,2023-08-05,3926.1,Shipped
1478,386,2024-11-05,2715.04,Pending
1479,417,2024-10-16,2273.92,Cancelled
1480,445,2024-01-29,3384.12,Cancelled
1481,443,2023-10-19,1137.05,Cancelled
1482,288,2023-09-06,1956.66,Cancelled
1483,402,2024-02-23,3988.23,Cancelled
1484,148,2023-06-09,3470.82,Shipped
1485,475,2023-04-03,1920.28,Pending
1486,490,2023-08-21,3944.8,Cancelled
1487,161,2023-11-12,4829.85,Shipped
1488,7,2024-08-04,3723.48,Shipped
1489,318,2024-09-04,4346.87,Pending
1490,425,2023-12-15,1143.23,Cancelled
1491,361,2023-11-03,3553.54,Pending
1492,387,2024-05-29,2950.16,Cancelled
1493,309,2024-06-26,998.42,Cancelled
1494,494,2023-08-05,983.62,Pending
1495,91,2023-05-24,4917.6,Shipped
1496,96,2024-09-03,4813.13,Cancelled
1497,264,2024-09-03,614.38,Shipped
1498,220,2024-03-13,1409.98,Pending
1499,67,2023-12-20,821.43,Pending
1500,3,2024-09-29,1666.2,Cancelled
1501,480,2023-07-23,790.93,Shipped
1502,476,2023-05-14,1626.7,Shipped
1503,397,2024-10-10,4663.26,Cancelled
1504,432,2023-12-26,3316.21,Pending
1505,405,2023-12-14,2871.93,Pending
1506,38,2025-01-09,3924.48,Pending
1507,270,2023-12-10,1115.41,Shipped
1508,267,2024-12-24,359.52,Cancelled
1509,82,2024-01-18,2091.34,Cancelled
1510,207,2024-11-19,477.89,Shipped
1511,453,2024-03-02,1082.5,Pending
1512,170,2024-10-05,1816.77,Shipped
1513,487,2024-07-09,3768.23,Cancelled
1514,244,2023-11-03,4983.22,Cancelled
1515,5,2023-02-19,591.32,Pending
1516,229,2024-01-05,1216.93,Cancelled
1517,315,2023-05-20,4594.66,Shipped
1518,491,2024-09-16,218.59,Pending
1519,196,2023-02-03,4581.34,Shipped
1520,198,2024-08-06,1297.82,Cancelled
1521,145,2024-10-14,143.03,Cancelled
1522,421,2024-03-03,3857.06,Cancelled
1523,412,2023-03-22,2553.5,Pending
1524,23,2023-04-02,1496.24,Cancelled
1525,99,2023-10-16,1615.16,Shipped
1526,486,2023-09-28,497.86,Cancelled
1527,274,2023-12-04,56.51,Shipped
1528,108,2024-09-17,3358.27,Shipped
1529,443,2023-06-03,3433.32,Shipped
1530,106,2023-12-30,2698.02,Cancelled
1531,450,2023-03-15,4881.6,Pending
1532,332,2023-11-28,4087.44,Shipped
1533,383,2024-09-07,3436.5,Shipped
1534,236,2023-02-24,3590.0,Shipped
1535,45,2024-06-22,384.78,Shipped
1536,407,2025-01-12,1274.5,Shipped
1537,295,2024-06-08,4111.66,Pending
1538,209,2023-05-24,1952.4,Cancelled
1539,208,2024-12-28,2176.46,Shipped
1540,200,2024-04-17,3373.03,Cancelled
1541,4,2023-03-12,3214.29,Cancelled
1542,33,2024-05-31,3784.68,Cancelled
1543,24,2024-08-03,3510.39,Shipped
1544,184,2024-10-08,4641.68,Shipped
1545,149,2024-06-22,3938.72,Pending
1546,311,2024-12-07,450.8,Pending
1547,196,2024-03-05,1987.66,Cancelled
1548,16,2023-09-13,2380.46,Cancelled
1549,113,2023-12-18,699.18,Pending
1550,408,2023-12-05,3991.47,Cancelled
1551,152,2024-12-15,4801.47,Shipped
1552,153,2024-07-08,3392.9,Cancelled
1553,332,2024-07-24,1878.19,Shipped
1554,284,2024-04-01,4376.34,Shipped
1555,64,2024-12-05,228.03,Cancelled
1556,306,2023-09-20,1982.53,Cancelled
1557,485,2024-08-09,443.93,Shipped
1558,384,2024-08-25,3712.32,Cancelled
1559,177,2023-09-27,1074.45,Cancelled
1560,436,2025-01-02,2572.51,Shipped
1561,95,2023-10-21,1119.52,Pending
1562,100,2023-02-02,590.82,Cancelled
1563,410,2024-10-30,2845.12,Shipped
1564,436,2023-09-01,3760.19,Cancelled
1565,237,2024-12-26,3230.48,Shipped
1566,149,2024-03-11,3364.99,Pending
1567,51,2024-05-15,1003.14,Cancelled
1568,250,2025-01-10,4758.67,Pending
1569,66,2023-05-21,3363.05,Shipped
1570,52,2024-07-23,1439.98,Shipped
1571,461,2023-12-06,983.62,Pending
1572,231,2024-01-08,1655.16,Cancelled
1573,157,2024-06-10,3473.42,Shipped
1574,290,2023-07-05,2842.97,Pending
1575,491,2024-12-16,2152.97,Shipped
1576,161,2024-03-24,1245.95,Shipped
1577,365,2024-05-25,3704.28,Pending
1578,142,2024-09-30,4203.75,Shipped
1579,348,2024-05-21,3670.2,Pending
1580,237,2024-06-16,2237.88,Pending
1581,250,2024-01-05,2767.33,Shipped
1582,331,2024-07-21,3041.01,Pending
1583,440,2023-10-22,4135.69,Cancelled
1584,101,2024-12-16,1330.91,Cancelled
1585,40,2024-10-18,3642.58,Shipped
1586,435,2024-09-25,2545.75,Shipped
1587,417,2024-06-13,2917.81,Pending
1588,394,2023-12-07,2958.38,Shipped
1589,283,2024-09-20,1317.87,Cancelled
1590,242,2023-06-29,3276.46,Shipped
1591,188,2024-12-11,1974.64,Cancelled
1592,376,2023-09-18,4288.68,Shipped
1593,238,2023-04-02,2515.59,Shipped
1594,204,2023-02-24,1832.05,Shipped
1595,340,2024-03-19,1209.63,Cancelled
1596,351,2023-10-13,845.9,Cancelled
1597,72,2023-11-25,2242.18,Shipped
1598,290,2024-08-12,4744.58,Cancelled
1599,447,2024-08-07,4839.32,Cancelled
1600,375,2024-08-23,2427.85,Pending
1601,21,2024-12-10,1109.72,Pending
1602,119,2023-05-04,333.05,Pending
1603,120,2024-03-06,233.19,Shipped
1604,266,2024-03-22,4540.48,Pending
1605,199,2023-09-04,2358.98,Pending
1606,452,2023-07-12,251.26,Cancelled
1607,166,2023-04-09,534.06,Cancelled
1608,325,2024-02-28,4151.64,Cancelled
1609,135,2024-03-30,2901.58,Cancelled
1610,90,2023-09-26,1895.76,Pending
1611,188,2024-03-06,2946.64,Shipped
1612,265,2023-10-18,1272.9,Shipped
1613,265,2024-09-06,2041.09,Pending
1614,250,2024-06-03,3967.43,Cancelled
1615,4,2023-05-31,2519.15,Shipped
1616,226,2023-02-14,844.72,Shipped
1617,264,2023-02-17,3224.52,Shipped
1618,77,2024-12-18,950.79,Pending
1619,309,2024-10-06,3592.17,Shipped
1620,339,2024-03-21,1167.12,Pending
1621,369,2024-05-01,584.43,Cancelled
1622,246,2023-08-15,2405.53,Cancelled
1623,83,2023-08-02,3243.35,Pending
1624,12,2024-11-03,1233.48,Shipped
1625,294,2024-09-19,2969.89,Shipped
1626,323,2023-09-20,2572.96,Cancelled
1627,76,2024-08-13,298.44,Pending
1628,473,2023-12-21,916.59,Pending
1629,307,2024-02-23,4846.83,Cancelled
1630,10,2023-04-22,4394.97,Cancelled
1631,339,2024-08-17,4110.09,Shipped
1632,111,2023-03-14,2257.03,Pending
1633,445,2024-11-10,2418.71,Shipped
1634,426,2023-11-12,2065.62,Shipped
1635,407,2023-08-16,2921.58,Shipped
1636,320,2024-05-27,3305.05,Pending
1637,86,2024-02-25,3626.45,Pending
1638,473,2023-10-29,2278.28,Cancelled
1639,36,2023-05-03,1164.47,Pending
1640,68,2023-03-05,560.68,Shipped
1641,268,2024-09-05,4300.77,Cancelled
1642,351,2024-06-15,2110.58,Shipped
1643,311,2023-05-03,499.57,Pending
1644,462,2024-01-10,3081.45,Shipped
1645,450,2023-09-15,3923.66,Cancelled
1646,386,2024-04-15,605.23,Pending
1647,338,2024-08-21,669.04,Cancelled
1648,277,2023-01-31,4141.06,Cancelled
1649,333,2024-01-13,2168.85,Pending
1650,190,2023-10-17,4376.63,Cancelled
1651,272,2023-07-29,2156.2,Pending
1652,405,2024-10-13,3847.98,Pending
1653,302,2024-08-28,4027.01,Cancelled
1654,295,2024-04-22,506.63,Shipped
1655,131,2024-04-10,2396.16,Shipped
1656,466,2024-08-04,4298.09,Pending
1657,307,2024-12-21,4386.3,Pending
1658,132,2025-01-24,961.32,Cancelled
1659,381,2024-05-28,3951.32,Cancelled
1660,268,2024-06-26,606.79,Shipped
1661,193,2024-03-16,3279.64,Cancelled
1662,412,2024-11-12,1593.19,Pending
1663,55,2024-05-03,790.8,Cancelled
1664,300,2023-07-27,1283.09,Cancelled
1665,217,2023-10-26,2832.06,Cancelled
1666,142,2023-09-16,4959.16,Pending
1667,387,2023-09-05,1034.39,Cancelled
1668,402,2024-06-28,2796.66,Shipped
1669,190,2024-09-27,2804.29,Pending
1670,130,2024-10-21,4942.77,Cancelled
1671,177,2024-08-04,3875.49,Pending
1672,377,2024-04-15,707.58,Cancelled
1673,61,2024-07-02,3744.11,Pending
1674,401,2023-05-15,3502.57,Shipped
1675,52,2024-08-03,1088.0,Pending
1676,403,2023-11-16,1705.42,Cancelled
1677,315,2024-03-05,3491.35,Cancelled
1678,27,2024-08-21,820.48,Cancelled
1679,3,2023-08-07,4025.76,Shipped
1680,242,2023-04-18,4630.79,Pending
1681,46,2023-10-08,339.12,Shipped
1682,190,2024-03-03,418.6,Shipped
1683,371,2024-04-23,1933.94,Pending
1684,315,2023-06-25,3287.75,Pending
1685,365,2024-10-27,4818.38,Shipped
1686,485,2024-09-22,3872.57,Shipped
1687,328,2023-11-03,2481.95,Shipped
1688,104,2024-01-14,4255.83,Cancelled
1689,147,2023-04-13,989.84,Cancelled
1690,262,2023-05-20,2588.75,Shipped
1691,315,2024-08-01,864.02,Shipped
1692,185,2023-12-23,1211.5,Shipped
1693,500,2024-10-31,804.07,Pending
1694,400,2023-12-13,2009.18,Cancelled
1695,203,2023-03-31,2039.15,Shipped
1696,266,2023-04-08,96.53,Cancelled
1697,36,2023-03-16,4597.5,Cancelled
1698,146,2023-12-23,3636.17,Cancelled
1699,469,2024-12-17,2923.0,Pending
1700,494,2023-05-08,4081.26,Shipped
1701,311,2024-01-31,4816.02,Pending
1702,477,2023-07-12,2031.7,Shipped
1703,134,2024-01-08,891.67,Cancelled
1704,55,2023-03-28,2801.98,Cancelled
1705,151,2023-11-09,1713.03,Shipped
1706,412,2024-07-05,2576.17,Pending
1707,449,2024-03-10,2698.76,Cancelled
1708,129,2023-12-05,3477.08,Pending
1709,289,2024-04-27,2428.48,Shipped
1710,388,2024-04-05,1711.51,Pending
1711,349,2024-03-05,2314.39,Cancelled
1712,442,2024-09-22,156.21,Shipped
1713,133,2023-11-29,356.42,Cancelled
1714,404,2024-12-04,4971.11,Cancelled
1715,360,2023-08-19,1165.05,Pending
1716,212,2024-04-24,4778.12,Cancelled
1717,275,2024-02-18,68.42,Pending
1718,128,2024-06-04,1450.7,Pending
1719,345,2023-12-21,3748.96,Pending
1720,39,2024-01-03,2781.67,Shipped
1721,244,2024-07-15,1583.09,Shipped
1722,458,2025-01-19,2877.09,Shipped
1723,485,2024-02-11,3735.86,Shipped
1724,256,2024-08-17,3690.82,Shipped
1725,377,2023-12-16,1225.44,Pending
1726,106,2024-10-27,1161.45,Shipped
1727,429,2023-06-02,3100.61,Shipped
1728,399,2023-05-19,551.31,Shipped
1729,347,2024-02-23,4779.78,Pending
1730,315,2023-05-05,52.99,Cancelled
1731,491,2024-02-07,230.47,Pending
1732,191,2024-08-01,3110.92,Pending
1733,460,2024-01-17,4927.1,Cancelled
1734,445,2023-05-07,1388.17,Shipped
1735,392,2024-07-27,4581.71,Pending
1736,204,2024-02-29,1126.02,Cancelled
1737,66,2024-11-27,289.66,Pending
1738,245,2024-03-12,4699.48,Shipped
1739,258,2023-04-28,1749.5,Cancelled
1740,398,2024-07-19,890.51,Shipped
1741,358,2023-07-11,2600.66,Pending
1742,353,2024-01-15,61.92,Cancelled
1743,108,2024-01-29,1909.55,Shipped
1744,167,2023-02-21,1820.78,Pending
1745,96,2024-08-28,2751.85,Shipped
1746,138,2023-05-28,2367.3,Cancelled
1747,176,2024-04-05,1842.3,Pending
1748,218,2023-11-09,1068.45,Cancelled
1749,386,2025-01-11,1874.1,Pending
1750,144,2023-04-29,2264.63,Cancelled
1751,68,2024-05-08,4896.78,Cancelled
1752,118,2024-11-19,4074.67,Cancelled
1753,139,2023-12-10,4024.36,Cancelled
1754,222,2023-04-22,4284.42,Shipped
1755,75,2023-04-30,4004.19,Cancelled
1756,77,2023-11-10,2375.48,Shipped
1757,91,2024-04-15,2119.17,Shipped
1758,458,2023-09-08,4249.96,Cancelled
1759,274,2023-02-27,3608.39,Pending
1760,154,2024-03-08,1269.85,Cancelled
1761,25,2023-05-26,2004.04,Cancelled
1762,84,2023-04-28,318.98,Pending
1763,244,2023-11-11,4198.08,Shipped
1764,231,2023-09-20,3728.07,Pending
1765,185,2023-11-13,1814.33,Cancelled
1766,478,2023-09-19,4053.88,Pending
1767,11,2023-09-12,2070.57,Pending
1768,445,2024-02-08,3404.34,Cancelled
1769,102,2023-02-17,2892.73,Cancelled
1770,333,2024-10-02,2701.42,Pending
1771,182,2023-05-17,1638.95,Cancelled
1772,250,2023-05-17,3878.23,Pending
1773,456,2024-09-26,410.47,Cancelled
1774,147,2024-04-28,2329.49,Shipped
1775,445,2023-12-20,854.53,Pending
1776,216,2023-03-05,3163.74,Cancelled
1777,208,2025-01-23,4247.53,Shipped
1778,41,2024-12-21,826.76,Shipped
1779,161,2023-09-21,1598.05,Pending
1780,364,2024-12-17,1352.01,Cancelled
1781,203,2023-09-04,1370.82,Pending
1782,400,2023-07-13,4316.78,Pending
1783,383,2023-06-18,2942.86,Pending
1784,212,2024-10-24,853.24,Shipped
1785,65,2024-08-23,3644.31,Cancelled
1786,129,2024-02-10,4703.38,Cancelled
1787,384,2023-01-28,418.72,Shipped
1788,204,2023-05-02,532.99,Shipped
1789,480,2024-03-27,4395.88,Cancelled
1790,28,2023-10-24,151.3,Pending
1791,269,2023-03-20,3829.68,Shipped
1792,54,2024-12-03,1327.01,Shipped
1793,44,2023-03-02,3281.07,Pending
1794,159,2023-12-17,1162.19,Cancelled
1795,146,2024-02-04,2226.94,Shipped
1796,68,2024-04-16,2643.18,Shipped
1797,15,2023-09-24,195.07,Pending
1798,441,2024-04-10,4578.06,Pending
1799,240,2024-01-13,4875.41,Cancelled
1800,479,2024-12-26,1376.62,Pending
1801,70,2023-10-16,4848.32,Cancelled
1802,277,2024-09-24,901.64,Cancelled
1803,234,2023-11-16,3162.62,Cancelled
1804,450,2024-01-31,2828.64,Cancelled
1805,328,2024-11-05,3204.85,Pending
1806,466,2024-08-08,1748.9,Cancelled
1807,117,2024-11-04,4027.44,Pending
1808,158,2024-05-11,1841.6,Pending
1809,80,2023-05-10,1531.79,Shipped
1810,268,2024-09-09,4080.59,Shipped
1811,177,2023-05-14,1448.08,Cancelled
1812,5,2024-02-23,3445.09,Pending
1813,485,2024-06-04,3782.25,Pending
1814,5,2024-01-20,3834.03,Pending
1815,306,2024-09-09,1171.45,Shipped
1816,281,2024-01-11,1880.75,Pending
1817,452,2024-06-28,2811.56,Pending
1818,128,2024-01-10,833.08,Cancelled
1819,331,2023-05-22,1960.82,Pending
1820,113,2024-11-29,1329.64,Pending
1821,321,2024-08-14,1213.02,Cancelled
1822,414,2023-10-06,3475.74,Pending
1823,146,2023-04-06,3249.32,Cancelled
1824,415,2024-10-09,1358.73,Shipped
1825,437,2024-05-26,360.95,Shipped
1826,149,2024-06-26,569.57,Pending
1827,317,2024-05-25,2274.78,Cancelled
1828,319,2023-12-11,2470.14,Pending
1829,10,2023-11-23,777.7,Cancelled
1830,12,2023-07-26,945.97,Shipped
1831,145,2024-12-26,1360.59,Cancelled
1832,225,2023-11-30,3640.99,Shipped
1833,47,2023-10-17,770.4,Pending
1834,112,2024-03-22,1722.73,Pending
1835,403,2023-03-03,4001.32,Pending
1836,238,2024-06-30,3490.74,Shipped
1837,170,2024-12-18,419.51,Shipped
1838,29,2024-01-06,1347.19,Pending
1839,37,2024-08-20,2725.1,Shipped
1840,99,2023-08-30,4480.58,Pending
1841,419,2024-06-11,1920.26,Shipped
1842,63,2023-04-05,4873.5,Cancelled
1843,128,2024-11-29,1936.29,Pending
1844,127,2023-06-04,3693.34,Shipped
1845,102,2024-07-29,2314.96,Shipped
1846,267,2023-02-15,3336.72,Shipped
1847,243,2024-04-15,1957.83,Pending
1848,480,2024-05-30,1628.85,Cancelled
1849,373,2024-10-06,230.09,Cancelled
1850,267,2024-09-17,628.26,Pending
1851,327,2024-07-29,1508.09,Pending
1852,455,2023-09-23,279.4,Cancelled
1853,112,2024-04-06,4866.9,Shipped
1854,325,2024-06-11,2182.13,Shipped
1855,86,2023-05-03,3976.06,Cancelled
1856,62,2024-06-10,1991.13,Shipped
1857,5,2024-04-05,4844.8,Cancelled
1858,402,2023-04-03,3459.94,Cancelled
1859,306,2023-06-25,791.86,Shipped
1860,128,2024-05-21,805.34,Shipped
1861,352,2024-03-22,3100.85,Cancelled
1862,31,2024-04-19,317.68,Cancelled
1863,79,2024-09-06,3512.61,Shipped
1864,65,2023-03-09,2449.46,Pending
1865,286,2024-04-13,3947.04,Pending
1866,413,2024-03-07,4461.14,Cancelled
1867,99,2023-06-23,126.34,Pending
1868,184,2024-08-31,3627.51,Pending
1869,461,2024-01-31,216.65,Cancelled
1870,225,2024-02-21,2803.94,Cancelled
1871,357,2024-12-23,2460.66,Cancelled
1872,96,2023-02-10,2727.23,Pending
1873,375,2023-04-30,2352.61,Cancelled
1874,469,2024-06-21,4305.59,Shipped
1875,36,2025-01-23,2665.06,Pending
1876,152,2024-03-15,4100.7,Cancelled
1877,188,2023-06-15,2281.31,Cancelled
1878,260,2023-02-10,1907.64,Shipped
1879,453,2023-08-28,113.22,Pending
1880,398,2024-09-29,3108.58,Pending
1881,370,2023-07-05,335.44,Cancelled
1882,420,2023-08-05,1949.7,Cancelled
1883,350,2024-11-01,2497.79,Cancelled
1884,79,2024-07-28,3072.94,Pending
1885,210,2024-11-08,3211.7,Shipped
1886,50,2024-12-16,2625.54,Shipped
1887,23,2024-04-21,4179.26,Shipped
1888,92,2024-01-07,4369.99,Shipped
1889,55,2023-04-02,2437.14,Shipped
1890,17,2024-10-14,2863.64,Pending
1891,337,2024-03-16,2459.75,Cancelled
1892,360,2024-05-12,2959.7,Shipped
1893,188,2023-10-02,1119.2,Cancelled
1894,37,2023-12-05,85.17,Shipped
1895,336,2024-04-28,2467.2,Shipped
1896,240,2023-03-02,4009.08,Shipped
1897,185,2024-02-12,2798.94,Pending
1898,421,2024-11-26,1857.96,Cancelled
1899,30,2025-01-21,4121.74,Pending
1900,271,2023-02-14,222.45,Shipped
1901,428,2023-10-18,1533.44,Shipped
1902,492,2024-01-01,2607.04,Shipped
1903,372,2023-06-16,1170.47,Pending
1904,98,2023-12-15,981.73,Cancelled
1905,128,2023-02-14,2858.74,Shipped
1906,286,2024-11-24,3750.99,Pending
1907,383,2024-03-12,545.46,Cancelled
1908,296,2023-09-30,1802.66,Pending
1909,360,2023-11-19,3332.91,Shipped
1910,86,2023-08-14,3966.46,Cancelled
1911,206,2023-04-07,2533.37,Cancelled
1912,81,2023-04-26,2678.82,Cancelled
1913,227,2023-04-14,4668.93,Pending
1914,282,2024-03-22,4957.49,Pending
1915,433,2023-06-06,1871.16,Cancelled
1916,221,2023-09-05,4134.25,Pending
1917,312,2023-05-18,1218.8,Cancelled
1918,110,2023-06-17,1887.81,Cancelled
1919,475,2023-08-13,3728.0,Pending
1920,493,2024-09-14,2272.97,Pending
1921,1,2023-04-06,3637.04,Pending
1922,306,2023-05-26,101.19,Shipped
1923,456,2023-09-22,1523.17,Pending
1924,114,2023-12-09,1089.82,Pending
1925,12,2024-07-07,3862.18,Cancelled
1926,422,2023-06-07,1394.27,Cancelled
1927,262,2023-03-13,2790.49,Cancelled
1928,80,2024-05-18,489.55,Pending
1929,183,2023-10-06,797.41,Pending
1930,188,2023-06-16,4450.33,Shipped
1931,120,2023-02-17,1296.09,Pending
1932,48,2024-08-03,2861.03,Cancelled
1933,470,2023-03-13,1102.84,Shipped
1934,371,2023-09-15,1636.97,Pending
1935,89,2023-11-25,2451.62,Cancelled
1936,360,2023-04-13,2889.64,Shipped
1937,305,2023-10-02,3218.43,Shipped
1938,375,2023-05-17,4045.54,Pending
1939,41,2023-12-13,3905.01,Pending
1940,179,2024-12-20,4401.37,Pending
1941,214,2023-10-05,4652.63,Shipped
1942,446,2023-08-15,3856.54,Cancelled
1943,335,2023-11-14,4250.4,Shipped
1944,325,2024-10-30,3891.54,Pending
1945,28,2024-12-25,1537.82,Shipped
1946,164,2023-04-30,2708.85,Shipped
1947,168,2023-03-08,2521.96,Shipped
1948,79,2023-07-03,271.59,Cancelled
1949,202,2023-08-01,4855.78,Cancelled
1950,295,2024-09-02,2533.55,Shipped
1951,222,2024-05-04,1463.12,Pending
1952,76,2024-04-26,678.3,Shipped
1953,244,2023-07-29,2865.77,Shipped
1954,281,2024-02-13,2007.97,Shipped
1955,205,2024-02-26,2519.08,Cancelled
1956,67,2024-09-02,3814.92,Pending
1957,287,2024-02-22,1006.58,Pending
1958,334,2023-11-22,2865.23,Cancelled
1959,316,2023-04-26,4985.45,Cancelled
1960,127,2023-08-24,1226.73,Pending
1961,398,2023-03-15,2161.73,Cancelled
1962,474,2023-10-01,2888.57,Shipped
1963,344,2024-01-23,2079.64,Pending
1964,179,2024-03-31,968.64,Pending
1965,305,2023-12-09,3283.94,Pending
1966,87,2023-03-18,4938.51,Cancelled
1967,421,2024-02-07,4950.99,Pending
1968,320,2023-02-18,746.18,Shipped
1969,474,2023-12-09,4094.5,Shipped
1970,351,2024-06-02,1881.63,Cancelled
1971,437,2023-07-27,447.36,Cancelled
1972,28,2025-01-05,1230.38,Cancelled
1973,475,2024-12-15,755.43,Pending
1974,8,2023-02-10,1729.49,Shipped
1975,157,2023-08-24,2261.31,Shipped
1976,170,2024-04-01,1060.87,Cancelled
1977,109,2024-04-26,1034.93,Cancelled
1978,385,2024-07-04,1308.12,Pending
1979,319,2023-04-15,3655.02,Shipped
1980,356,2023-08-06,3499.8,Shipped
1981,193,2024-09-10,2923.36,Cancelled
1982,270,2024-04-01,236.54,Shipped
1983,31,2024-06-16,1434.39,Cancelled
1984,317,2024-09-27,1370.98,Pending
1985,336,2023-05-04,4726.98,Shipped
1986,199,2023-09-20,3308.66,Cancelled
1987,437,2024-04-12,4566.09,Pending
1988,443,2023-12-08,557.3,Pending
1989,445,2024-01-08,4419.34,Pending
1990,119,2023-04-02,4899.37,Cancelled
1991,364,2024-11-14,516.03,Pending
1992,249,2024-06-03,4336.53,Cancelled
1993,46,2024-02-19,948.36,Cancelled
1994,495,2023-07-04,2300.77,Cancelled
1995,12,2024-09-26,217.97,Cancelled
1996,157,2023-05-17,1681.18,Pending
1997,382,2023-11-12,801.89,Pending
1998,351,2024-03-21,1772.53,Cancelled
1999,155,2023-06-06,1196.3,Cancelled
2000,142,2024-09-25,4063.23,Cancelled
